external_ref,subject,outcome_id,licence_classification,basis,rewritten,exact,normalized,shingle,semantic,marking_spec,verified,paid_selection_eligible,status_label
C10-2627-MATH-REQ001-DIAG-002,Mathematics,6810a065-c2af-4e4f-b115-9aca39a6c78e,FACT_OR_FORMULA_ONLY,numeric_values_restated,False,False,False,0.0,0.0662,not_required,True,False,FOUNDER_AUTHORIZED_AUTOMATED_PROVISIONAL
C10-2627-MATH-REQ001-DIAG-003,Mathematics,6810a065-c2af-4e4f-b115-9aca39a6c78e,FACT_OR_FORMULA_ONLY,numeric_values_restated,False,False,False,0.0,0.0801,not_required,True,False,FOUNDER_AUTHORIZED_AUTOMATED_PROVISIONAL
C10-2627-MATH-REQ001-DIAG-004,Mathematics,6810a065-c2af-4e4f-b115-9aca39a6c78e,ORIGINAL_EDUOS_CONTENT,numeric_values_restated,False,False,False,0.0,0.0,not_required,True,False,FOUNDER_AUTHORIZED_AUTOMATED_PROVISIONAL
C10-2627-MATH-REQ001-DIAG-006,Mathematics,6810a065-c2af-4e4f-b115-9aca39a6c78e,FACT_OR_FORMULA_ONLY,numeric_values_restated,False,False,False,0.0,0.0,not_required,True,False,FOUNDER_AUTHORIZED_AUTOMATED_PROVISIONAL
C10-2627-MATH-REQ001-DIAG-007,Mathematics,6810a065-c2af-4e4f-b115-9aca39a6c78e,FACT_OR_FORMULA_ONLY,numeric_values_restated,False,False,False,0.0,0.0,not_required,True,False,FOUNDER_AUTHORIZED_AUTOMATED_PROVISIONAL
C10-2627-MATH-REQ001-DIAG-008,Mathematics,93635c82-1de9-4b6b-a824-3c1d0351c9d1,FACT_OR_FORMULA_ONLY,marking_spec_conclusion_reached,False,False,False,0.0,0.0,present,True,False,FOUNDER_AUTHORIZED_AUTOMATED_PROVISIONAL
C10-2627-MATH-REQ001-DIAG-013,Mathematics,93635c82-1de9-4b6b-a824-3c1d0351c9d1,ORIGINAL_EDUOS_CONTENT,numeric_values_restated,False,False,False,0.0,0.0,present,True,False,FOUNDER_AUTHORIZED_AUTOMATED_PROVISIONAL
C10-2627-MATH-REQ001-DIAG-014,Mathematics,93635c82-1de9-4b6b-a824-3c1d0351c9d1,FACT_OR_FORMULA_ONLY,numeric_values_restated,False,False,False,0.0,0.0,present,True,False,FOUNDER_AUTHORIZED_AUTOMATED_PROVISIONAL
C10-2627-MATH-REQ001-REASS-001,Mathematics,6810a065-c2af-4e4f-b115-9aca39a6c78e,FACT_OR_FORMULA_ONLY,numeric_values_restated,False,False,False,0.0,0.0,not_required,True,False,FOUNDER_AUTHORIZED_AUTOMATED_PROVISIONAL
C10-2627-MATH-REQ001-REASS-003,Mathematics,6810a065-c2af-4e4f-b115-9aca39a6c78e,ORIGINAL_EDUOS_CONTENT,numeric_values_restated,False,False,False,0.0,0.1072,not_required,True,False,FOUNDER_AUTHORIZED_AUTOMATED_PROVISIONAL
C10-2627-MATH-REQ001-REASS-004,Mathematics,6810a065-c2af-4e4f-b115-9aca39a6c78e,FACT_OR_FORMULA_ONLY,numeric_values_restated,False,False,False,0.0,0.0,not_required,True,False,FOUNDER_AUTHORIZED_AUTOMATED_PROVISIONAL
C10-2627-MATH-REQ001-REASS-006,Mathematics,6810a065-c2af-4e4f-b115-9aca39a6c78e,FACT_OR_FORMULA_ONLY,numeric_values_restated,False,False,False,0.0,0.07,not_required,True,False,FOUNDER_AUTHORIZED_AUTOMATED_PROVISIONAL
C10-2627-MATH-REQ001-REASS-008,Mathematics,6810a065-c2af-4e4f-b115-9aca39a6c78e,FACT_OR_FORMULA_ONLY,numeric_values_restated,False,False,False,0.0,0.0,not_required,True,False,FOUNDER_AUTHORIZED_AUTOMATED_PROVISIONAL
C10-2627-MATH-REQ001-REASS-009,Mathematics,6810a065-c2af-4e4f-b115-9aca39a6c78e,FACT_OR_FORMULA_ONLY,numeric_values_restated,False,False,False,0.0,0.0711,not_required,True,False,FOUNDER_AUTHORIZED_AUTOMATED_PROVISIONAL
C10-2627-MATH-REQ001-REASS-010,Mathematics,6810a065-c2af-4e4f-b115-9aca39a6c78e,ORIGINAL_EDUOS_CONTENT,numeric_values_restated,False,False,False,0.0,0.1385,not_required,True,False,FOUNDER_AUTHORIZED_AUTOMATED_PROVISIONAL
C10-2627-MATH-REQ001-REASS-011,Mathematics,93635c82-1de9-4b6b-a824-3c1d0351c9d1,FACT_OR_FORMULA_ONLY,marking_spec_conclusion_reached,False,False,False,0.0,0.0,present,True,False,FOUNDER_AUTHORIZED_AUTOMATED_PROVISIONAL
C10-2627-MATH-REQ001-REASS-016,Mathematics,93635c82-1de9-4b6b-a824-3c1d0351c9d1,ORIGINAL_EDUOS_CONTENT,numeric_values_restated,False,False,False,0.0,0.0499,present,True,False,FOUNDER_AUTHORIZED_AUTOMATED_PROVISIONAL
C10-2627-MATH-REQ001-REASS-017,Mathematics,93635c82-1de9-4b6b-a824-3c1d0351c9d1,FACT_OR_FORMULA_ONLY,numeric_values_restated,False,False,False,0.0,0.0,present,True,False,FOUNDER_AUTHORIZED_AUTOMATED_PROVISIONAL
C10-2627-MATH-REQ001-REASS-018,Mathematics,93635c82-1de9-4b6b-a824-3c1d0351c9d1,FACT_OR_FORMULA_ONLY,numeric_values_restated,False,False,False,0.0,0.0,present,True,False,FOUNDER_AUTHORIZED_AUTOMATED_PROVISIONAL
C10-2627-MATH-REQ001-REASS-020,Mathematics,93635c82-1de9-4b6b-a824-3c1d0351c9d1,FACT_OR_FORMULA_ONLY,numeric_values_restated,False,False,False,0.0,0.0,present,True,False,FOUNDER_AUTHORIZED_AUTOMATED_PROVISIONAL
C10-2627-MATH-REQ005-DIAG-001,Mathematics,c2e4cfc1-af4f-4f7b-81b3-1b21d3d02a11,FACT_OR_FORMULA_ONLY,numeric_values_restated,False,False,False,0.0,0.044,not_required,True,False,FOUNDER_AUTHORIZED_AUTOMATED_PROVISIONAL
C10-2627-MATH-REQ005-REASS-001,Mathematics,c2e4cfc1-af4f-4f7b-81b3-1b21d3d02a11,FACT_OR_FORMULA_ONLY,numeric_values_restated,False,False,False,0.0,0.0,not_required,True,False,FOUNDER_AUTHORIZED_AUTOMATED_PROVISIONAL
C10-2627-MATH-REQ005-REASS-003,Mathematics,c2e4cfc1-af4f-4f7b-81b3-1b21d3d02a11,FACT_OR_FORMULA_ONLY,numeric_values_restated,False,False,False,0.0,0.0615,not_required,True,False,FOUNDER_AUTHORIZED_AUTOMATED_PROVISIONAL
C10-2627-MATH-REQ005-REASS-005,Mathematics,c2e4cfc1-af4f-4f7b-81b3-1b21d3d02a11,ORIGINAL_EDUOS_CONTENT,numeric_values_restated,False,False,False,0.0,0.026,not_required,True,False,FOUNDER_AUTHORIZED_AUTOMATED_PROVISIONAL
C10-2627-MATH-REQ008-DIAG-001,Mathematics,b42bea6d-0f2e-4f60-8394-d144f443ad22,FACT_OR_FORMULA_ONLY,numeric_values_restated,False,False,False,0.0,0.0,not_required,True,False,FOUNDER_AUTHORIZED_AUTOMATED_PROVISIONAL
C10-2627-MATH-REQ008-REASS-001,Mathematics,b42bea6d-0f2e-4f60-8394-d144f443ad22,FACT_OR_FORMULA_ONLY,numeric_values_restated,False,False,False,0.0,0.0,not_required,True,False,FOUNDER_AUTHORIZED_AUTOMATED_PROVISIONAL
C10-2627-MATH-REQ008-REASS-003,Mathematics,b42bea6d-0f2e-4f60-8394-d144f443ad22,ORIGINAL_EDUOS_CONTENT,numeric_values_restated,False,False,False,0.0,0.0423,not_required,True,False,FOUNDER_AUTHORIZED_AUTOMATED_PROVISIONAL
C10-2627-MATH-REQ008-REASS-004,Mathematics,b42bea6d-0f2e-4f60-8394-d144f443ad22,ORIGINAL_EDUOS_CONTENT,numeric_values_restated,False,False,False,0.0,0.0475,not_required,True,False,FOUNDER_AUTHORIZED_AUTOMATED_PROVISIONAL
C10-2627-MATH-REQ013-DIAG-001,Mathematics,e0bcebf5-b160-4676-b78e-e08f4df220b0,FACT_OR_FORMULA_ONLY,numeric_values_restated,False,False,False,0.0,0.0,not_required,True,False,FOUNDER_AUTHORIZED_AUTOMATED_PROVISIONAL
C10-2627-MATH-REQ013-REASS-001,Mathematics,e0bcebf5-b160-4676-b78e-e08f4df220b0,FACT_OR_FORMULA_ONLY,numeric_values_restated,False,False,False,0.0,0.0,not_required,True,False,FOUNDER_AUTHORIZED_AUTOMATED_PROVISIONAL
C10-2627-MATH-REQ013-REASS-003,Mathematics,e0bcebf5-b160-4676-b78e-e08f4df220b0,ORIGINAL_EDUOS_CONTENT,numeric_values_restated,False,False,False,0.0,0.1301,not_required,True,False,FOUNDER_AUTHORIZED_AUTOMATED_PROVISIONAL
C10-2627-MATH-REQ013-REASS-004,Mathematics,e0bcebf5-b160-4676-b78e-e08f4df220b0,FACT_OR_FORMULA_ONLY,numeric_values_restated,False,False,False,0.0,0.0506,not_required,True,False,FOUNDER_AUTHORIZED_AUTOMATED_PROVISIONAL
C10-2627-MATH-REQ018-DIAG-001,Mathematics,8d050f31-cbce-4bea-a751-b889027a0254,FACT_OR_FORMULA_ONLY,numeric_values_restated,False,False,False,0.0,0.1291,not_required,True,False,FOUNDER_AUTHORIZED_AUTOMATED_PROVISIONAL
C10-2627-MATH-REQ018-REASS-001,Mathematics,8d050f31-cbce-4bea-a751-b889027a0254,FACT_OR_FORMULA_ONLY,numeric_values_restated,False,False,False,0.0,0.0,not_required,True,False,FOUNDER_AUTHORIZED_AUTOMATED_PROVISIONAL
C10-2627-MATH-REQ018-REASS-003,Mathematics,8d050f31-cbce-4bea-a751-b889027a0254,ORIGINAL_EDUOS_CONTENT,numeric_values_restated,False,False,False,0.0,0.0,not_required,True,False,FOUNDER_AUTHORIZED_AUTOMATED_PROVISIONAL
C10-2627-MATH-REQ018-REASS-004,Mathematics,8d050f31-cbce-4bea-a751-b889027a0254,FACT_OR_FORMULA_ONLY,numeric_values_restated,False,False,False,0.0,0.0671,not_required,True,False,FOUNDER_AUTHORIZED_AUTOMATED_PROVISIONAL
C10-2627-MATH-REQ022-DIAG-001,Mathematics,a0dac4d4-04fc-4e78-b094-1eef5c255fdd,FACT_OR_FORMULA_ONLY,numeric_values_restated,False,False,False,0.0,0.2041,not_required,True,False,FOUNDER_AUTHORIZED_AUTOMATED_PROVISIONAL
C10-2627-MATH-REQ022-DIAG-002,Mathematics,a0dac4d4-04fc-4e78-b094-1eef5c255fdd,FACT_OR_FORMULA_ONLY,numeric_values_restated,False,False,False,0.0,0.0937,not_required,True,False,FOUNDER_AUTHORIZED_AUTOMATED_PROVISIONAL
C10-2627-MATH-REQ022-DIAG-003,Mathematics,a0dac4d4-04fc-4e78-b094-1eef5c255fdd,FACT_OR_FORMULA_ONLY,numeric_values_restated,False,False,False,0.0,0.0609,not_required,True,False,FOUNDER_AUTHORIZED_AUTOMATED_PROVISIONAL
C10-2627-MATH-REQ022-DIAG-005,Mathematics,a0dac4d4-04fc-4e78-b094-1eef5c255fdd,FACT_OR_FORMULA_ONLY,numeric_values_restated,False,False,False,0.0,0.2981,not_required,True,False,FOUNDER_AUTHORIZED_AUTOMATED_PROVISIONAL
C10-2627-MATH-REQ022-DIAG-006,Mathematics,a0dac4d4-04fc-4e78-b094-1eef5c255fdd,ORIGINAL_EDUOS_CONTENT,numeric_values_restated,False,False,False,0.0,0.1572,not_required,True,False,FOUNDER_AUTHORIZED_AUTOMATED_PROVISIONAL
C10-2627-MATH-REQ022-DIAG-008,Mathematics,a0dac4d4-04fc-4e78-b094-1eef5c255fdd,FACT_OR_FORMULA_ONLY,numeric_values_restated,False,False,False,0.0,0.0962,not_required,True,False,FOUNDER_AUTHORIZED_AUTOMATED_PROVISIONAL
C10-2627-MATH-REQ022-DIAG-009,Mathematics,a0dac4d4-04fc-4e78-b094-1eef5c255fdd,ORIGINAL_EDUOS_CONTENT,numeric_values_restated,True,False,False,0.0,0.1007,not_required,True,False,FOUNDER_AUTHORIZED_AUTOMATED_PROVISIONAL
C10-2627-MATH-REQ022-DIAG-011,Mathematics,a0dac4d4-04fc-4e78-b094-1eef5c255fdd,FACT_OR_FORMULA_ONLY,numeric_values_restated,False,False,False,0.0,0.2117,not_required,True,False,FOUNDER_AUTHORIZED_AUTOMATED_PROVISIONAL
C10-2627-MATH-REQ022-DIAG-013,Mathematics,a0dac4d4-04fc-4e78-b094-1eef5c255fdd,FACT_OR_FORMULA_ONLY,numeric_values_restated,False,False,False,0.0,0.0,not_required,True,False,FOUNDER_AUTHORIZED_AUTOMATED_PROVISIONAL
C10-2627-MATH-REQ022-DIAG-014,Mathematics,a0dac4d4-04fc-4e78-b094-1eef5c255fdd,FACT_OR_FORMULA_ONLY,numeric_values_restated,False,False,False,0.0,0.069,not_required,True,False,FOUNDER_AUTHORIZED_AUTOMATED_PROVISIONAL
C10-2627-MATH-REQ022-DIAG-015,Mathematics,a0dac4d4-04fc-4e78-b094-1eef5c255fdd,FACT_OR_FORMULA_ONLY,numeric_values_restated,False,False,False,0.0,0.2928,not_required,True,False,FOUNDER_AUTHORIZED_AUTOMATED_PROVISIONAL
C10-2627-MATH-REQ022-DIAG-016,Mathematics,a0dac4d4-04fc-4e78-b094-1eef5c255fdd,ORIGINAL_EDUOS_CONTENT,numeric_values_restated,False,False,False,0.0,0.0435,not_required,True,False,FOUNDER_AUTHORIZED_AUTOMATED_PROVISIONAL
C10-2627-MATH-REQ022-REASS-001,Mathematics,a0dac4d4-04fc-4e78-b094-1eef5c255fdd,FACT_OR_FORMULA_ONLY,numeric_values_restated,False,False,False,0.0,0.1307,not_required,True,False,FOUNDER_AUTHORIZED_AUTOMATED_PROVISIONAL
C10-2627-MATH-REQ022-REASS-002,Mathematics,a0dac4d4-04fc-4e78-b094-1eef5c255fdd,FACT_OR_FORMULA_ONLY,numeric_values_restated,False,False,False,0.0,0.0,not_required,True,False,FOUNDER_AUTHORIZED_AUTOMATED_PROVISIONAL
C10-2627-MATH-REQ022-REASS-003,Mathematics,a0dac4d4-04fc-4e78-b094-1eef5c255fdd,FACT_OR_FORMULA_ONLY,numeric_values_restated,False,False,False,0.0,0.0609,not_required,True,False,FOUNDER_AUTHORIZED_AUTOMATED_PROVISIONAL
C10-2627-MATH-REQ022-REASS-005,Mathematics,a0dac4d4-04fc-4e78-b094-1eef5c255fdd,FACT_OR_FORMULA_ONLY,numeric_values_restated,False,False,False,0.0,0.1543,not_required,True,False,FOUNDER_AUTHORIZED_AUTOMATED_PROVISIONAL
C10-2627-MATH-REQ022-REASS-006,Mathematics,a0dac4d4-04fc-4e78-b094-1eef5c255fdd,ORIGINAL_EDUOS_CONTENT,numeric_values_restated,False,False,False,0.0,0.1515,not_required,True,False,FOUNDER_AUTHORIZED_AUTOMATED_PROVISIONAL
C10-2627-MATH-REQ022-REASS-008,Mathematics,a0dac4d4-04fc-4e78-b094-1eef5c255fdd,FACT_OR_FORMULA_ONLY,numeric_values_restated,False,False,False,0.0,0.0485,not_required,True,False,FOUNDER_AUTHORIZED_AUTOMATED_PROVISIONAL
C10-2627-MATH-REQ022-REASS-009,Mathematics,a0dac4d4-04fc-4e78-b094-1eef5c255fdd,FACT_OR_FORMULA_ONLY,numeric_values_restated,False,False,False,0.0,0.3397,not_required,True,False,FOUNDER_AUTHORIZED_AUTOMATED_PROVISIONAL
C10-2627-MATH-REQ022-REASS-011,Mathematics,a0dac4d4-04fc-4e78-b094-1eef5c255fdd,FACT_OR_FORMULA_ONLY,numeric_values_restated,False,False,False,0.0,0.216,not_required,True,False,FOUNDER_AUTHORIZED_AUTOMATED_PROVISIONAL
C10-2627-MATH-REQ022-REASS-013,Mathematics,a0dac4d4-04fc-4e78-b094-1eef5c255fdd,ORIGINAL_EDUOS_CONTENT,numeric_values_restated,False,False,False,0.0,0.1987,not_required,True,False,FOUNDER_AUTHORIZED_AUTOMATED_PROVISIONAL
C10-2627-MATH-REQ022-REASS-014,Mathematics,a0dac4d4-04fc-4e78-b094-1eef5c255fdd,FACT_OR_FORMULA_ONLY,numeric_values_restated,False,False,False,0.0,0.0833,not_required,True,False,FOUNDER_AUTHORIZED_AUTOMATED_PROVISIONAL
C10-2627-MATH-REQ022-REASS-015,Mathematics,a0dac4d4-04fc-4e78-b094-1eef5c255fdd,FACT_OR_FORMULA_ONLY,numeric_values_restated,False,False,False,0.0,0.2205,not_required,True,False,FOUNDER_AUTHORIZED_AUTOMATED_PROVISIONAL
C10-2627-MATH-REQ022-REASS-016,Mathematics,a0dac4d4-04fc-4e78-b094-1eef5c255fdd,ORIGINAL_EDUOS_CONTENT,numeric_values_restated,False,False,False,0.0,0.0456,not_required,True,False,FOUNDER_AUTHORIZED_AUTOMATED_PROVISIONAL
C10-2627-MATH-REQ022-REASS-018,Mathematics,a0dac4d4-04fc-4e78-b094-1eef5c255fdd,FACT_OR_FORMULA_ONLY,numeric_values_restated,False,False,False,0.0,0.1054,not_required,True,False,FOUNDER_AUTHORIZED_AUTOMATED_PROVISIONAL
C10-2627-MATH-REQ022-REASS-020,Mathematics,a0dac4d4-04fc-4e78-b094-1eef5c255fdd,FACT_OR_FORMULA_ONLY,numeric_values_restated,False,False,False,0.0,0.1072,not_required,True,False,FOUNDER_AUTHORIZED_AUTOMATED_PROVISIONAL
C10-2627-MATH-REQ024-DIAG-001,Mathematics,a83eeff7-b944-4850-9d32-447617627acc,ORIGINAL_EDUOS_CONTENT,numeric_values_restated,False,False,False,0.0,0.2711,not_required,True,False,FOUNDER_AUTHORIZED_AUTOMATED_PROVISIONAL
C10-2627-MATH-REQ024-DIAG-003,Mathematics,a83eeff7-b944-4850-9d32-447617627acc,FACT_OR_FORMULA_ONLY,numeric_values_restated,False,False,False,0.0,0.0,present,True,False,FOUNDER_AUTHORIZED_AUTOMATED_PROVISIONAL
C10-2627-MATH-REQ024-DIAG-004,Mathematics,a83eeff7-b944-4850-9d32-447617627acc,ORIGINAL_EDUOS_CONTENT,numeric_values_restated,True,False,False,0.0,0.2928,not_required,True,False,FOUNDER_AUTHORIZED_AUTOMATED_PROVISIONAL
C10-2627-MATH-REQ024-DIAG-006,Mathematics,a83eeff7-b944-4850-9d32-447617627acc,ORIGINAL_EDUOS_CONTENT,numeric_values_restated,False,False,False,0.0,0.2691,not_required,True,False,FOUNDER_AUTHORIZED_AUTOMATED_PROVISIONAL
C10-2627-MATH-REQ024-REASS-001,Mathematics,a83eeff7-b944-4850-9d32-447617627acc,FACT_OR_FORMULA_ONLY,numeric_values_restated,False,False,False,0.0,0.2279,not_required,True,False,FOUNDER_AUTHORIZED_AUTOMATED_PROVISIONAL
C10-2627-MATH-REQ024-REASS-003,Mathematics,a83eeff7-b944-4850-9d32-447617627acc,ORIGINAL_EDUOS_CONTENT,numeric_values_restated,False,False,False,0.0,0.1952,not_required,True,False,FOUNDER_AUTHORIZED_AUTOMATED_PROVISIONAL
C10-2627-MATH-REQ024-REASS-004,Mathematics,a83eeff7-b944-4850-9d32-447617627acc,ORIGINAL_EDUOS_CONTENT,numeric_values_restated,False,False,False,0.0,0.3984,not_required,True,False,FOUNDER_AUTHORIZED_AUTOMATED_PROVISIONAL
C10-2627-MATH-REQ024-REASS-006,Mathematics,a83eeff7-b944-4850-9d32-447617627acc,FACT_OR_FORMULA_ONLY,numeric_values_restated,False,False,False,0.0,0.2632,not_required,True,False,FOUNDER_AUTHORIZED_AUTOMATED_PROVISIONAL
C10-2627-MATH-REQ024-REASS-008,Mathematics,a83eeff7-b944-4850-9d32-447617627acc,ORIGINAL_EDUOS_CONTENT,numeric_values_restated,False,False,False,0.0,0.3118,not_required,True,False,FOUNDER_AUTHORIZED_AUTOMATED_PROVISIONAL
C10-2627-MATH-REQ024-REASS-010,Mathematics,a83eeff7-b944-4850-9d32-447617627acc,FACT_OR_FORMULA_ONLY,numeric_values_restated,False,False,False,0.0,0.0505,not_required,True,False,FOUNDER_AUTHORIZED_AUTOMATED_PROVISIONAL
C10-2627-MATH-REQ027-DIAG-001,Mathematics,7faf0623-1326-4adf-af09-755f81784d24,ORIGINAL_EDUOS_CONTENT,numeric_values_restated,False,False,False,0.0,0.3344,not_required,True,False,FOUNDER_AUTHORIZED_AUTOMATED_PROVISIONAL
C10-2627-MATH-REQ027-DIAG-003,Mathematics,7faf0623-1326-4adf-af09-755f81784d24,ORIGINAL_EDUOS_CONTENT,marking_spec_conclusion_reached,False,False,False,0.0,0.1318,present,True,False,FOUNDER_AUTHORIZED_AUTOMATED_PROVISIONAL
C10-2627-MATH-REQ027-DIAG-004,Mathematics,7faf0623-1326-4adf-af09-755f81784d24,ORIGINAL_EDUOS_CONTENT,numeric_values_restated,False,False,False,0.0,0.2197,not_required,True,False,FOUNDER_AUTHORIZED_AUTOMATED_PROVISIONAL
C10-2627-MATH-REQ027-DIAG-007,Mathematics,7faf0623-1326-4adf-af09-755f81784d24,FACT_OR_FORMULA_ONLY,numeric_values_restated,False,False,False,0.0,0.3145,not_required,True,False,FOUNDER_AUTHORIZED_AUTOMATED_PROVISIONAL
C10-2627-MATH-REQ027-REASS-001,Mathematics,7faf0623-1326-4adf-af09-755f81784d24,ORIGINAL_EDUOS_CONTENT,numeric_values_restated,False,False,False,0.0,0.3381,not_required,True,False,FOUNDER_AUTHORIZED_AUTOMATED_PROVISIONAL
C10-2627-MATH-REQ027-REASS-003,Mathematics,7faf0623-1326-4adf-af09-755f81784d24,FACT_OR_FORMULA_ONLY,numeric_values_restated,False,False,False,0.0,0.288,not_required,True,False,FOUNDER_AUTHORIZED_AUTOMATED_PROVISIONAL
C10-2627-MATH-REQ027-REASS-004,Mathematics,7faf0623-1326-4adf-af09-755f81784d24,ORIGINAL_EDUOS_CONTENT,numeric_values_restated,False,False,False,0.0,0.252,not_required,True,False,FOUNDER_AUTHORIZED_AUTOMATED_PROVISIONAL
C10-2627-MATH-REQ027-REASS-006,Mathematics,7faf0623-1326-4adf-af09-755f81784d24,FACT_OR_FORMULA_ONLY,numeric_values_restated,False,False,False,0.0,0.3474,not_required,True,False,FOUNDER_AUTHORIZED_AUTOMATED_PROVISIONAL
C10-2627-MATH-REQ027-REASS-008,Mathematics,7faf0623-1326-4adf-af09-755f81784d24,FACT_OR_FORMULA_ONLY,numeric_values_restated,False,False,False,0.0,0.5313,not_required,True,False,FOUNDER_AUTHORIZED_AUTOMATED_PROVISIONAL
C10-2627-MATH-REQ027-REASS-010,Mathematics,7faf0623-1326-4adf-af09-755f81784d24,ORIGINAL_EDUOS_CONTENT,numeric_values_restated,False,False,False,0.0,0.2445,not_required,True,False,FOUNDER_AUTHORIZED_AUTOMATED_PROVISIONAL
C10-2627-MATH-REQ029-DIAG-001,Mathematics,ea1338d1-cd16-4e98-ac3c-0b9b5d90e32a,FACT_OR_FORMULA_ONLY,numeric_values_restated,False,False,False,0.0,0.1464,not_required,True,False,FOUNDER_AUTHORIZED_AUTOMATED_PROVISIONAL
C10-2627-MATH-REQ029-DIAG-003,Mathematics,ea1338d1-cd16-4e98-ac3c-0b9b5d90e32a,FACT_OR_FORMULA_ONLY,numeric_values_restated,False,False,False,0.0,0.1066,not_required,True,False,FOUNDER_AUTHORIZED_AUTOMATED_PROVISIONAL
C10-2627-MATH-REQ029-DIAG-004,Mathematics,ea1338d1-cd16-4e98-ac3c-0b9b5d90e32a,FACT_OR_FORMULA_ONLY,numeric_values_restated,False,False,False,0.0,0.0851,not_required,True,False,FOUNDER_AUTHORIZED_AUTOMATED_PROVISIONAL
C10-2627-MATH-REQ029-DIAG-005,Mathematics,ea1338d1-cd16-4e98-ac3c-0b9b5d90e32a,FACT_OR_FORMULA_ONLY,numeric_values_restated,False,False,False,0.0,0.2004,not_required,True,False,FOUNDER_AUTHORIZED_AUTOMATED_PROVISIONAL
C10-2627-MATH-REQ029-REASS-001,Mathematics,ea1338d1-cd16-4e98-ac3c-0b9b5d90e32a,FACT_OR_FORMULA_ONLY,numeric_values_restated,False,False,False,0.0,0.1404,not_required,True,False,FOUNDER_AUTHORIZED_AUTOMATED_PROVISIONAL
C10-2627-MATH-REQ029-REASS-003,Mathematics,ea1338d1-cd16-4e98-ac3c-0b9b5d90e32a,FACT_OR_FORMULA_ONLY,equivalent_value_restated,False,False,False,0.0,0.0,not_required,True,False,FOUNDER_AUTHORIZED_AUTOMATED_PROVISIONAL
C10-2627-MATH-REQ029-REASS-004,Mathematics,ea1338d1-cd16-4e98-ac3c-0b9b5d90e32a,FACT_OR_FORMULA_ONLY,numeric_values_restated,False,False,False,0.0,0.087,not_required,True,False,FOUNDER_AUTHORIZED_AUTOMATED_PROVISIONAL
C10-2627-MATH-REQ029-REASS-005,Mathematics,ea1338d1-cd16-4e98-ac3c-0b9b5d90e32a,FACT_OR_FORMULA_ONLY,numeric_values_restated,False,False,False,0.0,0.165,not_required,True,False,FOUNDER_AUTHORIZED_AUTOMATED_PROVISIONAL
C10-2627-MATH-REQ029-REASS-007,Mathematics,ea1338d1-cd16-4e98-ac3c-0b9b5d90e32a,FACT_OR_FORMULA_ONLY,numeric_values_restated,False,False,False,0.0,0.0657,not_required,True,False,FOUNDER_AUTHORIZED_AUTOMATED_PROVISIONAL
C10-2627-MATH-REQ029-REASS-010,Mathematics,ea1338d1-cd16-4e98-ac3c-0b9b5d90e32a,FACT_OR_FORMULA_ONLY,numeric_values_restated,False,False,False,0.0,0.0,not_required,True,False,FOUNDER_AUTHORIZED_AUTOMATED_PROVISIONAL
C10-2627-MATH-REQ032-DIAG-001,Mathematics,12cd0743-df5f-45ee-b771-03dfadaa392d,ORIGINAL_EDUOS_CONTENT,numeric_values_restated,True,False,False,0.0,0.1833,not_required,True,False,FOUNDER_AUTHORIZED_AUTOMATED_PROVISIONAL
C10-2627-MATH-REQ032-DIAG-003,Mathematics,12cd0743-df5f-45ee-b771-03dfadaa392d,ORIGINAL_EDUOS_CONTENT,numeric_values_restated,False,False,False,0.0,0.4187,not_required,True,False,FOUNDER_AUTHORIZED_AUTOMATED_PROVISIONAL
C10-2627-MATH-REQ032-DIAG-004,Mathematics,12cd0743-df5f-45ee-b771-03dfadaa392d,ORIGINAL_EDUOS_CONTENT,numeric_values_restated,False,False,False,0.0,0.2988,not_required,True,False,FOUNDER_AUTHORIZED_AUTOMATED_PROVISIONAL
C10-2627-MATH-REQ032-DIAG-005,Mathematics,12cd0743-df5f-45ee-b771-03dfadaa392d,ORIGINAL_EDUOS_CONTENT,numeric_values_restated,False,False,False,0.0,0.2978,not_required,True,False,FOUNDER_AUTHORIZED_AUTOMATED_PROVISIONAL
C10-2627-MATH-REQ032-REASS-001,Mathematics,12cd0743-df5f-45ee-b771-03dfadaa392d,ORIGINAL_EDUOS_CONTENT,numeric_values_restated,False,False,False,0.0,0.1989,not_required,True,False,FOUNDER_AUTHORIZED_AUTOMATED_PROVISIONAL
C10-2627-MATH-REQ032-REASS-003,Mathematics,12cd0743-df5f-45ee-b771-03dfadaa392d,ORIGINAL_EDUOS_CONTENT,numeric_values_restated,False,False,False,0.0,0.3444,not_required,True,False,FOUNDER_AUTHORIZED_AUTOMATED_PROVISIONAL
C10-2627-MATH-REQ032-REASS-004,Mathematics,12cd0743-df5f-45ee-b771-03dfadaa392d,ORIGINAL_EDUOS_CONTENT,numeric_values_restated,False,False,False,0.0,0.2711,not_required,True,False,FOUNDER_AUTHORIZED_AUTOMATED_PROVISIONAL
C10-2627-MATH-REQ032-REASS-005,Mathematics,12cd0743-df5f-45ee-b771-03dfadaa392d,ORIGINAL_EDUOS_CONTENT,numeric_values_restated,False,False,False,0.0,0.4237,not_required,True,False,FOUNDER_AUTHORIZED_AUTOMATED_PROVISIONAL
C10-2627-MATH-REQ032-REASS-006,Mathematics,12cd0743-df5f-45ee-b771-03dfadaa392d,ORIGINAL_EDUOS_CONTENT,numeric_values_restated,False,False,False,0.0,0.3742,not_required,True,False,FOUNDER_AUTHORIZED_AUTOMATED_PROVISIONAL
C10-2627-MATH-REQ032-REASS-009,Mathematics,12cd0743-df5f-45ee-b771-03dfadaa392d,ORIGINAL_EDUOS_CONTENT,numeric_values_restated,False,False,False,0.0,0.2978,not_required,True,False,FOUNDER_AUTHORIZED_AUTOMATED_PROVISIONAL
C10-2627-MATH-REQ034-DIAG-001,Mathematics,5dc9c499-dd5a-4bec-acdb-ff94cba8191b,FACT_OR_FORMULA_ONLY,numeric_values_restated,False,False,False,0.0,0.3989,not_required,True,False,FOUNDER_AUTHORIZED_AUTOMATED_PROVISIONAL
C10-2627-MATH-REQ034-DIAG-002,Mathematics,5dc9c499-dd5a-4bec-acdb-ff94cba8191b,FACT_OR_FORMULA_ONLY,numeric_values_restated,False,False,False,0.0,0.3241,not_required,True,False,FOUNDER_AUTHORIZED_AUTOMATED_PROVISIONAL
C10-2627-MATH-REQ034-DIAG-004,Mathematics,5dc9c499-dd5a-4bec-acdb-ff94cba8191b,ORIGINAL_EDUOS_CONTENT,numeric_values_restated,False,False,False,0.0,0.3944,not_required,True,False,FOUNDER_AUTHORIZED_AUTOMATED_PROVISIONAL
C10-2627-MATH-REQ034-DIAG-005,Mathematics,5dc9c499-dd5a-4bec-acdb-ff94cba8191b,ORIGINAL_EDUOS_CONTENT,numeric_values_restated,False,False,False,0.0,0.3693,not_required,True,False,FOUNDER_AUTHORIZED_AUTOMATED_PROVISIONAL
C10-2627-MATH-REQ034-REASS-001,Mathematics,5dc9c499-dd5a-4bec-acdb-ff94cba8191b,FACT_OR_FORMULA_ONLY,numeric_values_restated,False,False,False,0.0,0.5292,not_required,True,False,FOUNDER_AUTHORIZED_AUTOMATED_PROVISIONAL
C10-2627-MATH-REQ034-REASS-002,Mathematics,5dc9c499-dd5a-4bec-acdb-ff94cba8191b,FACT_OR_FORMULA_ONLY,numeric_values_restated,False,False,False,0.0,0.329,not_required,True,False,FOUNDER_AUTHORIZED_AUTOMATED_PROVISIONAL
C10-2627-MATH-REQ034-REASS-004,Mathematics,5dc9c499-dd5a-4bec-acdb-ff94cba8191b,ORIGINAL_EDUOS_CONTENT,numeric_values_restated,False,False,False,0.0,0.3282,not_required,True,False,FOUNDER_AUTHORIZED_AUTOMATED_PROVISIONAL
C10-2627-MATH-REQ034-REASS-005,Mathematics,5dc9c499-dd5a-4bec-acdb-ff94cba8191b,ORIGINAL_EDUOS_CONTENT,numeric_values_restated,True,False,False,0.0,0.2092,not_required,True,False,FOUNDER_AUTHORIZED_AUTOMATED_PROVISIONAL
C10-2627-MATH-REQ034-REASS-006,Mathematics,5dc9c499-dd5a-4bec-acdb-ff94cba8191b,FACT_OR_FORMULA_ONLY,numeric_values_restated,False,False,False,0.0,0.4132,not_required,True,False,FOUNDER_AUTHORIZED_AUTOMATED_PROVISIONAL
C10-2627-MATH-REQ034-REASS-007,Mathematics,5dc9c499-dd5a-4bec-acdb-ff94cba8191b,ORIGINAL_EDUOS_CONTENT,numeric_values_restated,False,False,False,0.0,0.3764,not_required,True,False,FOUNDER_AUTHORIZED_AUTOMATED_PROVISIONAL
C10-2627-MATH-REQ036-DIAG-001,Mathematics,e5500b35-cb38-4e79-8006-7a3867749440,FACT_OR_FORMULA_ONLY,numeric_values_restated,False,False,False,0.0,0.2965,not_required,True,False,FOUNDER_AUTHORIZED_AUTOMATED_PROVISIONAL
C10-2627-MATH-REQ036-DIAG-002,Mathematics,e5500b35-cb38-4e79-8006-7a3867749440,FACT_OR_FORMULA_ONLY,numeric_values_restated,False,False,False,0.0,0.3679,not_required,True,False,FOUNDER_AUTHORIZED_AUTOMATED_PROVISIONAL
C10-2627-MATH-REQ036-DIAG-004,Mathematics,e5500b35-cb38-4e79-8006-7a3867749440,ORIGINAL_EDUOS_CONTENT,numeric_values_restated,False,False,False,0.0,0.3076,not_required,True,False,FOUNDER_AUTHORIZED_AUTOMATED_PROVISIONAL
C10-2627-MATH-REQ036-DIAG-005,Mathematics,e5500b35-cb38-4e79-8006-7a3867749440,FACT_OR_FORMULA_ONLY,numeric_values_restated,False,False,False,0.0,0.4035,not_required,True,False,FOUNDER_AUTHORIZED_AUTOMATED_PROVISIONAL
C10-2627-MATH-REQ036-REASS-001,Mathematics,e5500b35-cb38-4e79-8006-7a3867749440,FACT_OR_FORMULA_ONLY,numeric_values_restated,False,False,False,0.0,0.3223,not_required,True,False,FOUNDER_AUTHORIZED_AUTOMATED_PROVISIONAL
C10-2627-MATH-REQ036-REASS-002,Mathematics,e5500b35-cb38-4e79-8006-7a3867749440,FACT_OR_FORMULA_ONLY,numeric_values_restated,False,False,False,0.0,0.4153,not_required,True,False,FOUNDER_AUTHORIZED_AUTOMATED_PROVISIONAL
C10-2627-MATH-REQ036-REASS-004,Mathematics,e5500b35-cb38-4e79-8006-7a3867749440,ORIGINAL_EDUOS_CONTENT,numeric_values_restated,False,False,False,0.0,0.0443,not_required,True,False,FOUNDER_AUTHORIZED_AUTOMATED_PROVISIONAL
C10-2627-MATH-REQ036-REASS-005,Mathematics,e5500b35-cb38-4e79-8006-7a3867749440,ORIGINAL_EDUOS_CONTENT,numeric_values_restated,False,False,False,0.0,0.3207,not_required,True,False,FOUNDER_AUTHORIZED_AUTOMATED_PROVISIONAL
C10-2627-MATH-REQ036-REASS-006,Mathematics,e5500b35-cb38-4e79-8006-7a3867749440,FACT_OR_FORMULA_ONLY,numeric_values_restated,False,False,False,0.0,0.345,not_required,True,False,FOUNDER_AUTHORIZED_AUTOMATED_PROVISIONAL
C10-2627-MATH-REQ036-REASS-007,Mathematics,e5500b35-cb38-4e79-8006-7a3867749440,ORIGINAL_EDUOS_CONTENT,conceptual_restatement,False,False,False,0.0,0.1482,not_required,True,False,FOUNDER_AUTHORIZED_AUTOMATED_PROVISIONAL
C10-2627-MATH-REQ037-DIAG-001,Mathematics,7290fbf4-edd2-45de-b1ad-4a05780e93ee,FACT_OR_FORMULA_ONLY,numeric_values_restated,False,False,False,0.0,0.0786,not_required,True,False,FOUNDER_AUTHORIZED_AUTOMATED_PROVISIONAL
C10-2627-MATH-REQ037-DIAG-002,Mathematics,7290fbf4-edd2-45de-b1ad-4a05780e93ee,FACT_OR_FORMULA_ONLY,numeric_values_restated,False,False,False,0.0,0.0,not_required,True,False,FOUNDER_AUTHORIZED_AUTOMATED_PROVISIONAL
C10-2627-MATH-REQ037-DIAG-004,Mathematics,7290fbf4-edd2-45de-b1ad-4a05780e93ee,FACT_OR_FORMULA_ONLY,numeric_values_restated,False,False,False,0.0,0.0,not_required,True,False,FOUNDER_AUTHORIZED_AUTOMATED_PROVISIONAL
C10-2627-MATH-REQ037-DIAG-005,Mathematics,7290fbf4-edd2-45de-b1ad-4a05780e93ee,ORIGINAL_EDUOS_CONTENT,numeric_values_restated,False,False,False,0.0,0.0488,not_required,True,False,FOUNDER_AUTHORIZED_AUTOMATED_PROVISIONAL
C10-2627-MATH-REQ037-REASS-001,Mathematics,7290fbf4-edd2-45de-b1ad-4a05780e93ee,FACT_OR_FORMULA_ONLY,numeric_values_restated,False,False,False,0.0,0.0733,not_required,True,False,FOUNDER_AUTHORIZED_AUTOMATED_PROVISIONAL
C10-2627-MATH-REQ037-REASS-002,Mathematics,7290fbf4-edd2-45de-b1ad-4a05780e93ee,FACT_OR_FORMULA_ONLY,numeric_values_restated,False,False,False,0.0,0.1482,not_required,True,False,FOUNDER_AUTHORIZED_AUTOMATED_PROVISIONAL
C10-2627-MATH-REQ037-REASS-004,Mathematics,7290fbf4-edd2-45de-b1ad-4a05780e93ee,FACT_OR_FORMULA_ONLY,numeric_values_restated,False,False,False,0.0,0.0801,not_required,True,False,FOUNDER_AUTHORIZED_AUTOMATED_PROVISIONAL
C10-2627-MATH-REQ037-REASS-005,Mathematics,7290fbf4-edd2-45de-b1ad-4a05780e93ee,FACT_OR_FORMULA_ONLY,numeric_values_restated,False,False,False,0.0,0.0786,not_required,True,False,FOUNDER_AUTHORIZED_AUTOMATED_PROVISIONAL
C10-2627-MATH-REQ037-REASS-006,Mathematics,7290fbf4-edd2-45de-b1ad-4a05780e93ee,FACT_OR_FORMULA_ONLY,numeric_values_restated,False,False,False,0.0,0.0816,not_required,True,False,FOUNDER_AUTHORIZED_AUTOMATED_PROVISIONAL
C10-2627-MATH-REQ037-REASS-010,Mathematics,7290fbf4-edd2-45de-b1ad-4a05780e93ee,FACT_OR_FORMULA_ONLY,numeric_values_restated,False,False,False,0.0,0.0,not_required,True,False,FOUNDER_AUTHORIZED_AUTOMATED_PROVISIONAL
C10-2627-MATH-REQ038-DIAG-001,Mathematics,5514e23f-ef3d-4526-8aee-f7a70171d8d4,FACT_OR_FORMULA_ONLY,numeric_values_restated,False,False,False,0.0,0.0962,not_required,True,False,FOUNDER_AUTHORIZED_AUTOMATED_PROVISIONAL
C10-2627-MATH-REQ038-DIAG-002,Mathematics,5514e23f-ef3d-4526-8aee-f7a70171d8d4,FACT_OR_FORMULA_ONLY,numeric_values_restated,False,False,False,0.0,0.0913,not_required,True,False,FOUNDER_AUTHORIZED_AUTOMATED_PROVISIONAL
C10-2627-MATH-REQ038-DIAG-004,Mathematics,5514e23f-ef3d-4526-8aee-f7a70171d8d4,ORIGINAL_EDUOS_CONTENT,numeric_values_restated,False,False,False,0.0,0.0556,not_required,True,False,FOUNDER_AUTHORIZED_AUTOMATED_PROVISIONAL
C10-2627-MATH-REQ038-DIAG-005,Mathematics,5514e23f-ef3d-4526-8aee-f7a70171d8d4,FACT_OR_FORMULA_ONLY,numeric_values_restated,False,False,False,0.0,0.068,not_required,True,False,FOUNDER_AUTHORIZED_AUTOMATED_PROVISIONAL
C10-2627-MATH-REQ038-REASS-001,Mathematics,5514e23f-ef3d-4526-8aee-f7a70171d8d4,FACT_OR_FORMULA_ONLY,numeric_values_restated,False,False,False,0.0,0.1021,not_required,True,False,FOUNDER_AUTHORIZED_AUTOMATED_PROVISIONAL
C10-2627-MATH-REQ038-REASS-002,Mathematics,5514e23f-ef3d-4526-8aee-f7a70171d8d4,FACT_OR_FORMULA_ONLY,numeric_values_restated,False,False,False,0.0,0.0786,not_required,True,False,FOUNDER_AUTHORIZED_AUTOMATED_PROVISIONAL
C10-2627-MATH-REQ038-REASS-004,Mathematics,5514e23f-ef3d-4526-8aee-f7a70171d8d4,ORIGINAL_EDUOS_CONTENT,numeric_values_restated,False,False,False,0.0,0.0772,not_required,True,False,FOUNDER_AUTHORIZED_AUTOMATED_PROVISIONAL
C10-2627-MATH-REQ038-REASS-005,Mathematics,5514e23f-ef3d-4526-8aee-f7a70171d8d4,FACT_OR_FORMULA_ONLY,numeric_values_restated,False,False,False,0.0,0.0711,not_required,True,False,FOUNDER_AUTHORIZED_AUTOMATED_PROVISIONAL
C10-2627-MATH-REQ038-REASS-006,Mathematics,5514e23f-ef3d-4526-8aee-f7a70171d8d4,ORIGINAL_EDUOS_CONTENT,numeric_values_restated,False,False,False,0.0,0.0662,not_required,True,False,FOUNDER_AUTHORIZED_AUTOMATED_PROVISIONAL
C10-2627-MATH-REQ038-REASS-007,Mathematics,5514e23f-ef3d-4526-8aee-f7a70171d8d4,FACT_OR_FORMULA_ONLY,numeric_values_restated,False,False,False,0.0,0.0891,not_required,True,False,FOUNDER_AUTHORIZED_AUTOMATED_PROVISIONAL
C10-2627-SCI-REQ022-REASS-001,Science,b076ee43-f955-4415-a98f-d9a19f33d0df,ORIGINAL_EDUOS_CONTENT,numeric_values_restated,False,False,False,0.0,0.0896,present,True,False,FOUNDER_AUTHORIZED_AUTOMATED_PROVISIONAL
C10-2627-SCI-REQ037-DIAG-001,Science,f9d71c13-b5d2-4ac2-9030-aa9b3aadf7e4,ORIGINAL_EDUOS_CONTENT,numeric_values_restated,False,False,False,0.0,0.3067,not_required,True,False,FOUNDER_AUTHORIZED_AUTOMATED_PROVISIONAL
C10-2627-SCI-REQ037-DIAG-003,Science,00c969e0-e024-48cd-89b0-f62a09b9a33a,FACT_OR_FORMULA_ONLY,numeric_values_restated,False,False,False,0.0,0.3172,not_required,True,False,FOUNDER_AUTHORIZED_AUTOMATED_PROVISIONAL
C10-2627-SCI-REQ037-DIAG-004,Science,00c969e0-e024-48cd-89b0-f62a09b9a33a,FACT_OR_FORMULA_ONLY,numeric_values_restated,False,False,False,0.0,0.138,not_required,True,False,FOUNDER_AUTHORIZED_AUTOMATED_PROVISIONAL
C10-2627-SCI-REQ037-REASS-001,Science,f9d71c13-b5d2-4ac2-9030-aa9b3aadf7e4,FACT_OR_FORMULA_ONLY,numeric_values_restated,False,False,False,0.0,0.287,not_required,True,False,FOUNDER_AUTHORIZED_AUTOMATED_PROVISIONAL
C10-2627-SCI-REQ037-REASS-002,Science,f9d71c13-b5d2-4ac2-9030-aa9b3aadf7e4,FACT_OR_FORMULA_ONLY,numeric_values_restated,False,False,False,0.0,0.3368,not_required,True,False,FOUNDER_AUTHORIZED_AUTOMATED_PROVISIONAL
C10-2627-SCI-REQ037-REASS-004,Science,f9d71c13-b5d2-4ac2-9030-aa9b3aadf7e4,ORIGINAL_EDUOS_CONTENT,numeric_values_restated,False,False,False,0.0,0.0,present,True,False,FOUNDER_AUTHORIZED_AUTOMATED_PROVISIONAL
C10-2627-SCI-REQ037-REASS-006,Science,00c969e0-e024-48cd-89b0-f62a09b9a33a,FACT_OR_FORMULA_ONLY,numeric_values_restated,False,False,False,0.0,0.3243,not_required,True,False,FOUNDER_AUTHORIZED_AUTOMATED_PROVISIONAL
C10-2627-SCI-REQ037-REASS-007,Science,00c969e0-e024-48cd-89b0-f62a09b9a33a,FACT_OR_FORMULA_ONLY,numeric_values_restated,False,False,False,0.0,0.1734,not_required,True,False,FOUNDER_AUTHORIZED_AUTOMATED_PROVISIONAL
C10-2627-SCI-REQ037-REASS-009,Science,00c969e0-e024-48cd-89b0-f62a09b9a33a,ORIGINAL_EDUOS_CONTENT,numeric_values_restated,False,False,False,0.0,0.0,present,True,False,FOUNDER_AUTHORIZED_AUTOMATED_PROVISIONAL
C10-2627-SCI-REQ039-DIAG-001,Science,95f23b55-eed6-469f-b295-f85d1554f5fb,FACT_OR_FORMULA_ONLY,numeric_values_restated,False,False,False,0.0,0.1502,not_required,True,False,FOUNDER_AUTHORIZED_AUTOMATED_PROVISIONAL
C10-2627-SCI-REQ039-DIAG-003,Science,cd07b7e9-aebd-4871-86b8-a1b366799fce,FACT_OR_FORMULA_ONLY,numeric_values_restated,False,False,False,0.0,0.0,present,True,False,FOUNDER_AUTHORIZED_AUTOMATED_PROVISIONAL
C10-2627-SCI-REQ039-REASS-001,Science,95f23b55-eed6-469f-b295-f85d1554f5fb,ORIGINAL_EDUOS_CONTENT,numeric_values_restated,False,False,False,0.0,0.273,not_required,True,False,FOUNDER_AUTHORIZED_AUTOMATED_PROVISIONAL
C10-2627-SCI-REQ039-REASS-002,Science,95f23b55-eed6-469f-b295-f85d1554f5fb,FACT_OR_FORMULA_ONLY,numeric_values_restated,False,False,False,0.0,0.0,present,True,False,FOUNDER_AUTHORIZED_AUTOMATED_PROVISIONAL
C10-2627-SCI-REQ039-REASS-004,Science,95f23b55-eed6-469f-b295-f85d1554f5fb,ORIGINAL_EDUOS_CONTENT,numeric_values_restated,False,False,False,0.0,0.0,present,True,False,FOUNDER_AUTHORIZED_AUTOMATED_PROVISIONAL
C10-2627-SCI-REQ039-REASS-006,Science,cd07b7e9-aebd-4871-86b8-a1b366799fce,FACT_OR_FORMULA_ONLY,numeric_values_restated,False,False,False,0.0,0.0458,present,True,False,FOUNDER_AUTHORIZED_AUTOMATED_PROVISIONAL
C10-2627-SCI-REQ039-REASS-007,Science,cd07b7e9-aebd-4871-86b8-a1b366799fce,FACT_OR_FORMULA_ONLY,numeric_values_restated,False,False,False,0.0,0.0825,present,True,False,FOUNDER_AUTHORIZED_AUTOMATED_PROVISIONAL
C10-2627-SCI-REQ039-REASS-009,Science,cd07b7e9-aebd-4871-86b8-a1b366799fce,ORIGINAL_EDUOS_CONTENT,numeric_values_restated,False,False,False,0.0,0.0,present,True,False,FOUNDER_AUTHORIZED_AUTOMATED_PROVISIONAL
C10-2627-SCI-REQ041-DIAG-002,Science,47b3b487-b73e-4e20-b24a-3365f2695a1b,FACT_OR_FORMULA_ONLY,numeric_values_restated,False,False,False,0.0,0.063,not_required,True,False,FOUNDER_AUTHORIZED_AUTOMATED_PROVISIONAL
C10-2627-SCI-REQ041-REASS-001,Science,47b3b487-b73e-4e20-b24a-3365f2695a1b,FACT_OR_FORMULA_ONLY,numeric_values_restated,False,False,False,0.0,0.0733,not_required,True,False,FOUNDER_AUTHORIZED_AUTOMATED_PROVISIONAL
C10-2627-SCI-REQ041-REASS-003,Science,47b3b487-b73e-4e20-b24a-3365f2695a1b,FACT_OR_FORMULA_ONLY,numeric_values_restated,False,False,False,0.0,0.0984,not_required,True,False,FOUNDER_AUTHORIZED_AUTOMATED_PROVISIONAL
C10-2627-SCI-REQ042-REASS-001,Science,48cea350-651c-4314-a694-b55a4e901191,FACT_OR_FORMULA_ONLY,numeric_values_restated,False,False,False,0.0,0.069,not_required,True,False,FOUNDER_AUTHORIZED_AUTOMATED_PROVISIONAL
C10-2627-SCI-REQ042-REASS-002,Science,48cea350-651c-4314-a694-b55a4e901191,FACT_OR_FORMULA_ONLY,numeric_values_restated,False,False,False,0.0,0.068,not_required,True,False,FOUNDER_AUTHORIZED_AUTOMATED_PROVISIONAL
C10-2627-SCI-REQ042-REASS-003,Science,48cea350-651c-4314-a694-b55a4e901191,FACT_OR_FORMULA_ONLY,numeric_values_restated,False,False,False,0.0,0.0851,not_required,True,False,FOUNDER_AUTHORIZED_AUTOMATED_PROVISIONAL
C10-2627-SCI-REQ042-REASS-004,Science,48cea350-651c-4314-a694-b55a4e901191,ORIGINAL_EDUOS_CONTENT,numeric_values_restated,False,False,False,0.0,0.0,present,True,False,FOUNDER_AUTHORIZED_AUTOMATED_PROVISIONAL
C10-2627-SCI-REQ043-DIAG-001,Science,916e28d1-e41a-4a89-98b4-673683204179,ORIGINAL_EDUOS_CONTENT,numeric_values_restated,False,False,False,0.0,0.0738,present,True,False,FOUNDER_AUTHORIZED_AUTOMATED_PROVISIONAL
C10-2627-SCI-REQ043-DIAG-003,Science,f4dce651-899c-4581-add5-4cffc05786a7,FACT_OR_FORMULA_ONLY,numeric_values_restated,False,False,False,0.0,0.0,present,True,False,FOUNDER_AUTHORIZED_AUTOMATED_PROVISIONAL
C10-2627-SCI-REQ043-REASS-001,Science,916e28d1-e41a-4a89-98b4-673683204179,FACT_OR_FORMULA_ONLY,numeric_values_restated,False,False,False,0.0,0.0398,present,True,False,FOUNDER_AUTHORIZED_AUTOMATED_PROVISIONAL
C10-2627-SCI-REQ043-REASS-002,Science,916e28d1-e41a-4a89-98b4-673683204179,ORIGINAL_EDUOS_CONTENT,numeric_values_restated,False,False,False,0.0,0.074,not_required,True,False,FOUNDER_AUTHORIZED_AUTOMATED_PROVISIONAL
C10-2627-SCI-REQ043-REASS-004,Science,916e28d1-e41a-4a89-98b4-673683204179,ORIGINAL_EDUOS_CONTENT,numeric_values_restated,False,False,False,0.0,0.0349,present,True,False,FOUNDER_AUTHORIZED_AUTOMATED_PROVISIONAL
C10-2627-SCI-REQ043-REASS-006,Science,f4dce651-899c-4581-add5-4cffc05786a7,FACT_OR_FORMULA_ONLY,numeric_values_restated,False,False,False,0.0,0.0,present,True,False,FOUNDER_AUTHORIZED_AUTOMATED_PROVISIONAL
C10-2627-SCI-REQ043-REASS-007,Science,f4dce651-899c-4581-add5-4cffc05786a7,ORIGINAL_EDUOS_CONTENT,numeric_values_restated,False,False,False,0.0,0.0943,present,True,False,FOUNDER_AUTHORIZED_AUTOMATED_PROVISIONAL
C10-2627-SCI-REQ043-REASS-009,Science,f4dce651-899c-4581-add5-4cffc05786a7,ORIGINAL_EDUOS_CONTENT,numeric_values_restated,False,False,False,0.0,0.0,present,True,False,FOUNDER_AUTHORIZED_AUTOMATED_PROVISIONAL
C10-2627-SCI-REQ045-DIAG-001,Science,3562d84b-cfd5-4f05-815a-4de87bcf1553,FACT_OR_FORMULA_ONLY,numeric_values_restated,False,False,False,0.0,0.0488,not_required,True,False,FOUNDER_AUTHORIZED_AUTOMATED_PROVISIONAL
C10-2627-SCI-REQ045-DIAG-002,Science,3562d84b-cfd5-4f05-815a-4de87bcf1553,FACT_OR_FORMULA_ONLY,numeric_values_restated,False,False,False,0.0,0.0557,present,True,False,FOUNDER_AUTHORIZED_AUTOMATED_PROVISIONAL
C10-2627-SCI-REQ045-DIAG-004,Science,3562d84b-cfd5-4f05-815a-4de87bcf1553,ORIGINAL_EDUOS_CONTENT,numeric_values_restated,False,False,False,0.0,0.0,present,True,False,FOUNDER_AUTHORIZED_AUTOMATED_PROVISIONAL
C10-2627-SCI-REQ045-DIAG-005,Science,3562d84b-cfd5-4f05-815a-4de87bcf1553,FACT_OR_FORMULA_ONLY,numeric_values_restated,False,False,False,0.0,0.0,present,True,False,FOUNDER_AUTHORIZED_AUTOMATED_PROVISIONAL
C10-2627-SCI-REQ045-DIAG-008,Science,a502f5d5-b310-439f-a0c8-99083514dfaa,FACT_OR_FORMULA_ONLY,numeric_values_restated,False,False,False,0.0,0.0,present,True,False,FOUNDER_AUTHORIZED_AUTOMATED_PROVISIONAL
C10-2627-SCI-REQ045-DIAG-009,Science,a502f5d5-b310-439f-a0c8-99083514dfaa,FACT_OR_FORMULA_ONLY,numeric_values_restated,False,False,False,0.0,0.0,present,True,False,FOUNDER_AUTHORIZED_AUTOMATED_PROVISIONAL
C10-2627-SCI-REQ045-DIAG-011,Science,a502f5d5-b310-439f-a0c8-99083514dfaa,ORIGINAL_EDUOS_CONTENT,numeric_values_restated,False,False,False,0.0,0.0,present,True,False,FOUNDER_AUTHORIZED_AUTOMATED_PROVISIONAL
C10-2627-SCI-REQ045-DIAG-012,Science,a502f5d5-b310-439f-a0c8-99083514dfaa,FACT_OR_FORMULA_ONLY,numeric_values_restated,False,False,False,0.0,0.0496,present,True,False,FOUNDER_AUTHORIZED_AUTOMATED_PROVISIONAL
C10-2627-SCI-REQ045-REASS-001,Science,3562d84b-cfd5-4f05-815a-4de87bcf1553,ORIGINAL_EDUOS_CONTENT,numeric_values_restated,False,False,False,0.0,0.0514,not_required,True,False,FOUNDER_AUTHORIZED_AUTOMATED_PROVISIONAL
C10-2627-SCI-REQ045-REASS-002,Science,3562d84b-cfd5-4f05-815a-4de87bcf1553,FACT_OR_FORMULA_ONLY,numeric_values_restated,False,False,False,0.0,0.0,present,True,False,FOUNDER_AUTHORIZED_AUTOMATED_PROVISIONAL
C10-2627-SCI-REQ045-REASS-004,Science,3562d84b-cfd5-4f05-815a-4de87bcf1553,ORIGINAL_EDUOS_CONTENT,numeric_values_restated,False,False,False,0.0,0.0593,present,True,False,FOUNDER_AUTHORIZED_AUTOMATED_PROVISIONAL
C10-2627-SCI-REQ045-REASS-005,Science,3562d84b-cfd5-4f05-815a-4de87bcf1553,FACT_OR_FORMULA_ONLY,numeric_values_restated,False,False,False,0.0,0.0,not_required,True,False,FOUNDER_AUTHORIZED_AUTOMATED_PROVISIONAL
C10-2627-SCI-REQ045-REASS-006,Science,3562d84b-cfd5-4f05-815a-4de87bcf1553,FACT_OR_FORMULA_ONLY,numeric_values_restated,False,False,False,0.0,0.0,present,True,False,FOUNDER_AUTHORIZED_AUTOMATED_PROVISIONAL
C10-2627-SCI-REQ045-REASS-010,Science,3562d84b-cfd5-4f05-815a-4de87bcf1553,ORIGINAL_EDUOS_CONTENT,conceptual_restatement,False,False,False,0.0,0.0,not_required,True,False,FOUNDER_AUTHORIZED_AUTOMATED_PROVISIONAL
C10-2627-SCI-REQ045-REASS-011,Science,a502f5d5-b310-439f-a0c8-99083514dfaa,FACT_OR_FORMULA_ONLY,numeric_values_restated,False,False,False,0.0,0.0,present,True,False,FOUNDER_AUTHORIZED_AUTOMATED_PROVISIONAL
C10-2627-SCI-REQ045-REASS-012,Science,a502f5d5-b310-439f-a0c8-99083514dfaa,FACT_OR_FORMULA_ONLY,numeric_values_restated,False,False,False,0.0,0.0,present,True,False,FOUNDER_AUTHORIZED_AUTOMATED_PROVISIONAL
C10-2627-SCI-REQ045-REASS-014,Science,a502f5d5-b310-439f-a0c8-99083514dfaa,ORIGINAL_EDUOS_CONTENT,numeric_values_restated,False,False,False,0.0,0.0,present,True,False,FOUNDER_AUTHORIZED_AUTOMATED_PROVISIONAL
C10-2627-SCI-REQ045-REASS-015,Science,a502f5d5-b310-439f-a0c8-99083514dfaa,FACT_OR_FORMULA_ONLY,numeric_values_restated,False,False,False,0.0,0.1048,present,True,False,FOUNDER_AUTHORIZED_AUTOMATED_PROVISIONAL
C10-2627-SCI-REQ045-REASS-019,Science,a502f5d5-b310-439f-a0c8-99083514dfaa,ORIGINAL_EDUOS_CONTENT,numeric_values_restated,False,False,False,0.0,0.0,not_required,True,False,FOUNDER_AUTHORIZED_AUTOMATED_PROVISIONAL
C10-2627-SCI-REQ045-REASS-020,Science,a502f5d5-b310-439f-a0c8-99083514dfaa,FACT_OR_FORMULA_ONLY,numeric_values_restated,False,False,False,0.0,0.0,present,True,False,FOUNDER_AUTHORIZED_AUTOMATED_PROVISIONAL
