version,name,created_by,idempotency_key,has_rollback,statement_count,statements_md5,statements_char_length,full_statements_file,statements_verified_md5
20260901024448,0c360bc9-fa2b-4599-adb6-85bb23a29782,apikey@lovable.dev,8bba1663-7d7c-493f-88f6-32c8d9b6af2f,false,1,c9114a0b7c862babf6c02c11574efe99,809,statements/20260901024448.sql,True
20260901040820,66bebf5c-2969-4273-a52d-14811413866b,apikey@lovable.dev,8390fbf9-33ff-4549-9039-7ccaf0d3fcc4,false,1,397ffcdf79ffbefbb118b9990406408b,5440,,False
20260901051849,f83777f1-5bbc-4860-8166-f93cfeb0f0be,apikey@lovable.dev,211c8f97-eaa5-4569-a69e-38421edffaca,false,1,210fdfa293e10d640df8f2d7f5219ed8,261,statements/20260901051849.sql,True
20260901054836,adb3051b-d81b-4622-869e-e76eccd8b251,apikey@lovable.dev,c9f350e7-2e98-4eff-b458-786b9e32c6e4,false,1,689042254363e7814062fb26e551595b,349,statements/20260901054836.sql,True
20260901054919,1c06b52b-8186-40a5-a6b9-711daa6aca69,apikey@lovable.dev,2b0b4746-7141-4a06-9816-33a12bb550b3,false,1,a59a455ffff7c1966d82097f55d41005,351,statements/20260901054919.sql,True
20260901054948,3bf46e3b-c4a5-4e0b-b93f-26ffa1b33e6c,apikey@lovable.dev,1086ffd0-6b78-4d99-b785-e706d6306dce,false,1,0d03ae65072dbedb2a7dca79d3c61144,312,statements/20260901054948.sql,True
20260901061703,8e3392f7-87ae-4b18-a135-0d1b23531b9b,apikey@lovable.dev,9c04b60c-990f-4a80-912f-0983b2b9349d,false,1,ff30d73b4c608338ed3cd21e4db0331b,559,statements/20260901061703.sql,True
20260902062319,9cc6e9fd-975f-4176-8ec4-ed42c1af1253,apikey@lovable.dev,661f8239-bd86-4c37-ad6e-c4d1956540d1,false,1,33e67a17ea1a3c44117bea21259aab3d,166,statements/20260902062319.sql,True
20260902062406,afad274e-861a-45f3-bd27-80a726821e23,apikey@lovable.dev,4e34d206-0535-451e-931b-18f320de51b1,false,1,1f4cad3c2f3ff0b9f2e05aa5d7e28909,407,statements/20260902062406.sql,True
20260902063620,bace03ac-4de0-4209-85b2-8e1d2858206c,apikey@lovable.dev,871cff45-f4b5-4e11-8098-7274818ecffd,false,1,5218ec6d78a61992026348deb72c732f,381,statements/20260902063620.sql,True
20260903053903,2af1fcf7-0687-4784-a938-ed68bc4071a0,apikey@lovable.dev,07f5349c-42bc-460e-885e-1ab6d3569ead,false,1,e1129b5dd224f31fbe5b48d62922bfee,4246,,False
20260903130809,988a7539-ec04-4fd3-a9f5-19c8c58bfa38,apikey@lovable.dev,590a79ce-e92e-4eaa-8862-2fd50ecd0ef9,false,1,ba049afd24ccbf92fd75621053a70b14,271,statements/20260903130809.sql,True
20260903145457,3a2fab1b-1705-4498-ac5b-58ed3e454177,apikey@lovable.dev,4de852f9-7018-46fa-8a54-7ae9a40ca2ed,false,1,3a6112ba251839f82e53b8b43681a206,4544,,False
20260903171759,1003b8d4-23d5-4c4d-8063-39adced9b979,apikey@lovable.dev,5fc61d4e-783b-451e-bba9-af492962d85b,false,1,3afc33a7dd826b704e9accc9c1a99bdd,4567,,False
20260904172759,ab478d85-b845-4cfc-a217-86a721dc950a,apikey@lovable.dev,ac96cd0c-838c-45e8-865b-a1499a117837,false,1,e61c5ddac39848a93bc807da7a45e4fb,23044,statements/20260904172759.sql,True
20260904180930,7c8fa675-97e8-4485-9e04-5b45548261ff,apikey@lovable.dev,e58eca7e-8389-46a4-8549-30dc26a02d4c,false,1,88c7b1248deab1209e9b8df83b9dd86e,2367,statements/20260904180930.sql,True
20260904191218,9128efba-ed8e-4d2f-8953-efce474cdc4e,apikey@lovable.dev,6553aac6-f7d5-4b25-bff5-b31099cd6340,false,1,bf499682778d9a5cf7e22e66a3fd89c3,765,statements/20260904191218.sql,True
20260904202505,4eb2f0b5-b813-4cda-adc8-28ed38a7dba0,apikey@lovable.dev,1a05c8ba-7e7b-433d-a2b6-56eed9905369,false,1,70515357856ca0948f0a5daa5a4c7efa,1201,statements/20260904202505.sql,True
20260905045134,835adc31-c4d4-4244-b691-4e79b40d1481,apikey@lovable.dev,cf9cc17e-68d0-4380-8972-7a9993bc467d,false,1,c482dac0820e9f010c393b6052dab549,575,statements/20260905045134.sql,True
20260905084252,0db76c42-15bd-4f09-ba70-ed49c830dc4c,apikey@lovable.dev,28d18bc4-d905-4935-8679-307ea2e36622,false,1,055dba573229f4e8d4fc35fb3cdd2ad7,2322,statements/20260905084252.sql,True
20260905085021,45f26e1a-375d-47ff-9056-9651c4bb4b9e,apikey@lovable.dev,be94085e-d375-43f8-98b0-e6eca2d8cf89,false,1,af0fc5469f3a96187782ff8b4c561a89,241,statements/20260905085021.sql,True
20260905100552,b81b51d9-d908-4772-8dc9-8f31ecbba362,apikey@lovable.dev,23d3f60e-bf8e-4a44-9989-51fda0330d6b,false,1,65a6c8dc9c21118dd38cb81ec21a969b,2107,statements/20260905100552.sql,True
20260905100631,02e41e98-a756-47ba-8a2e-59d736c358e8,apikey@lovable.dev,77799bc7-5083-478e-bd82-02efe79b3943,false,1,cbed307779a8948bc3974b94e69a3cf6,815,statements/20260905100631.sql,True
20260905100711,04ffe976-54a0-43eb-bf35-15909973a015,apikey@lovable.dev,59f2558e-ee30-4177-a0b4-0edd5c02c516,false,1,b852eebf00cd22af2a799d4b5a0e6228,69,statements/20260905100711.sql,True
20260905104854,ca84a9a5-f8bc-485e-8a8b-d7b5d9ceff8b,apikey@lovable.dev,5b770844-d56c-4acc-8b1c-bc70e94d0d86,false,1,e89b655f2f8136acc8dd56a2d9213aac,291,statements/20260905104854.sql,True
20260906041146,efc79894-86bd-4baa-b223-ddd0f143b83e,apikey@lovable.dev,341014e0-101f-47ed-80b9-c1cea68ccf92,false,1,49b70204a59e88ec67d499fb20e88e75,52,statements/20260906041146.sql,True
20260915161655,88fec6b0-f152-48f5-a53c-bdaf5742fd49,apikey@lovable.dev,08197941-c5ee-4b4d-a46c-055a0fd4d0f9,false,1,311436c7ea58db83869a54ff651712df,8394,statements/20260915161655.sql,True
20260915162231,37b0517c-1e74-4531-9701-30ef9cc71bf0,apikey@lovable.dev,aa7d3e02-61f5-485d-99e7-7041c2124dae,false,1,c1f592e2c1dbd0a4dc5c8733271c89cc,178,statements/20260915162231.sql,True
20260915162334,0f230677-ab23-4051-99b4-8cca0946f55e,apikey@lovable.dev,586aa83b-7c67-41c9-9f11-31355b035b3a,false,1,4c335fe41c2dbba63d81cce7c9e632a2,367,statements/20260915162334.sql,True
20260915163014,eba5e15a-7d7a-4336-ba98-5c455f879471,apikey@lovable.dev,6664f762-0cad-4553-b205-cedc97599e08,false,1,525728d05d286919ac0c2ee423217e3e,382,statements/20260915163014.sql,True
20260915180432,d05adeed-877d-48e2-aec0-e402bf41ddf4,apikey@lovable.dev,1ee5104f-4b28-4a19-80b3-00d0e990e1b0,false,1,da21766d0dbdb7f982d0aa736bf26be3,9106,statements/20260915180432.sql,True
20260915180855,9032af5e-6b47-4aee-807d-b3402cec35af,apikey@lovable.dev,cc43ed9e-20ff-4e0a-bb46-14c046c22353,false,1,043dd632ecb7d71bdf0131f2d3df8a0c,1417,statements/20260915180855.sql,True
20260915181935,083a6c6c-16d3-41bc-a6c2-6ddbc15ef721,apikey@lovable.dev,e6fcc47e-3adb-45d2-a127-445862e9aceb,false,1,ea34ccc29ac288ceec5f942040ab7df6,6442,statements/20260915181935.sql,True
20261002052435,b60cb0a3-e7ae-46df-a541-37556d8089f1,apikey@lovable.dev,9c69c831-a78c-410a-adee-f20c8b68f778,false,1,ce67de57a0d6891464dd310e526421e3,21,statements/20261002052435.sql,True
20261002052550,298225aa-0a38-4d50-95a1-067c08145078,apikey@lovable.dev,e83cc367-e341-4f5d-90cf-899ceaaf195a,false,1,86d98a31a0d8672c5bd15ade06af1ec2,11915,statements/20261002052550.sql,True
