id,board,class_level,session,exam_year,subject,maths_stream,document_type,language,status,official_url,final_url,http_status,mime_type,bytes,pdf_pages,sha256,discovery,copyright_policy,retrieved_at
MPBSE-C10-2026-MAT-BASIC,MPBSE,10,2025-26,2026,Mathematics,Basic,SAMPLE_QUESTION_PAPER,Hindi and English (bilingual),VERIFIED,https://mpbse.nic.in/ModelPaper/2025-26/10th%20Maths%20%28basic%29.PDF,https://mpbse.nic.in/ModelPaper/2025-26/10th%20Maths%20%28basic%29.PDF,200,application/pdf,786378,11,75e28def48af283713e212baafe718df84203de8886dbc8d0c080022f695908f,https://mpbse.nic.in/ModelPaper.html (live index),OFFICIAL_LINK_AND_METADATA_ONLY,2026-10-02T13:07:33Z
MPBSE-C10-2026-MAT-STANDARD,MPBSE,10,2025-26,2026,Mathematics,Standard,SAMPLE_QUESTION_PAPER,Hindi and English (bilingual),VERIFIED,https://mpbse.nic.in/ModelPaper/2025-26/10th%20Maths%20%28standard%29.PDF,https://mpbse.nic.in/ModelPaper/2025-26/10th%20Maths%20%28standard%29.PDF,200,application/pdf,912234,12,6f8ff0128976ed3191dd55cefc208bd74596bb0597ff9b30ea16a4aba682916a,https://mpbse.nic.in/ModelPaper.html (live index),OFFICIAL_LINK_AND_METADATA_ONLY,2026-10-02T13:07:33Z
MPBSE-C10-2026-SCI,MPBSE,10,2025-26,2026,Science,,SAMPLE_QUESTION_PAPER,Hindi and English (bilingual),VERIFIED,https://mpbse.nic.in/ModelPaper/2025-26/10th%20Science.PDF,https://mpbse.nic.in/ModelPaper/2025-26/10th%20Science.PDF,200,application/pdf,743761,10,a78fd716f83259484bb4b38aee8cc009eb4d26ada19eb580ceb1ac4e514ee47c,https://mpbse.nic.in/ModelPaper.html (live index),OFFICIAL_LINK_AND_METADATA_ONLY,2026-10-02T13:07:33Z
MPBSE-C10-2025-MAT,MPBSE,10,2024-25,2025,Mathematics,,SAMPLE_QUESTION_PAPER,Hindi and English (bilingual),VERIFIED,https://mpbse.nic.in/ModelPaper/2024-25/10th%20MATHS.PDF,https://mpbse.nic.in/ModelPaper/2024-25/10th%20MATHS.PDF,200,application/pdf,314516,8,8c246fe433ac26a634836d2c0ead252b62901eb50a0be72e212c7728f4c9f0b7,"Web Archive index of mpbse.nic.in/ModelPaper/, re-fetched live from mpbse.nic.in",OFFICIAL_LINK_AND_METADATA_ONLY,2026-10-02T13:07:33Z
MPBSE-C10-2025-SCI,MPBSE,10,2024-25,2025,Science,,SAMPLE_QUESTION_PAPER,Hindi and English (bilingual),VERIFIED,https://mpbse.nic.in/ModelPaper/2024-25/10th%20Science.PDF,https://mpbse.nic.in/ModelPaper/2024-25/10th%20Science.PDF,200,application/pdf,244563,9,3d3a972dac1e3ee37f65d6ef38854a4922f9f6e4021752f7ca761debad2e16c9,"Web Archive index of mpbse.nic.in/ModelPaper/, re-fetched live from mpbse.nic.in",OFFICIAL_LINK_AND_METADATA_ONLY,2026-10-02T13:07:33Z
MPBSE-C10-2024-MAT,MPBSE,10,2023-24,2024,Mathematics,,SAMPLE_QUESTION_PAPER,Hindi and English (bilingual),VERIFIED,https://mpbse.nic.in/ModelPaper/Maths%2010th%20Sample%20Paper%202023-24.PDF,https://mpbse.nic.in/ModelPaper/Maths%2010th%20Sample%20Paper%202023-24.PDF,200,application/pdf,991545,8,763a3d21d534253bb5352a4bb2a64d32f2f9d336bd11ab4fa136a95c0cdb7228,"Web Archive index of mpbse.nic.in/ModelPaper/, re-fetched live from mpbse.nic.in",OFFICIAL_LINK_AND_METADATA_ONLY,2026-10-02T13:07:33Z
MPBSE-C10-2024-SCI,MPBSE,10,2023-24,2024,Science,,SAMPLE_QUESTION_PAPER,Hindi and English (bilingual),VERIFIED,https://mpbse.nic.in/ModelPaper/Science%2010th%20Sample%20Paper%202023-24.PDF,https://mpbse.nic.in/ModelPaper/Science%2010th%20Sample%20Paper%202023-24.PDF,200,application/pdf,341230,12,5ad14300f189af3ec514f9ffc2764317f6d97176a7ff0d3696416b86b814eec8,"Web Archive index of mpbse.nic.in/ModelPaper/, re-fetched live from mpbse.nic.in",OFFICIAL_LINK_AND_METADATA_ONLY,2026-10-02T13:07:33Z
MPBSE-C10-2023-MAT,MPBSE,10,2022-23,2023,Mathematics,,SAMPLE_QUESTION_PAPER,Hindi and English (bilingual),VERIFIED,https://mpbse.nic.in/ModelPaper/06%20MATH'S%2010th%20Model%20Question%20Paper%202022-23.PDF,https://mpbse.nic.in/ModelPaper/06%20MATH'S%2010th%20Model%20Question%20Paper%202022-23.PDF,200,application/pdf,292852,8,f38cfee67fa3b943db5116f16a4b9f67d7fbfbfb053747f5fc9d422d4d8c35a3,"Web Archive index of mpbse.nic.in/ModelPaper/, re-fetched live from mpbse.nic.in",OFFICIAL_LINK_AND_METADATA_ONLY,2026-10-02T13:07:33Z
MPBSE-C10-2023-SCI,MPBSE,10,2022-23,2023,Science,,SAMPLE_QUESTION_PAPER,Hindi and English (bilingual),VERIFIED,https://mpbse.nic.in/ModelPaper/04%20SCIENCE%2010th%20Model%20Question%20Paper%202022-23.PDF,https://mpbse.nic.in/ModelPaper/04%20SCIENCE%2010th%20Model%20Question%20Paper%202022-23.PDF,200,application/pdf,565670,8,bb0231505ea8b6605539f7fbf51d0020ffb23be7cb2ac2206037b03be23ca21c,"Web Archive index of mpbse.nic.in/ModelPaper/, re-fetched live from mpbse.nic.in",OFFICIAL_LINK_AND_METADATA_ONLY,2026-10-02T13:07:33Z
MPBSE-C10-2022-MAT,MPBSE,10,2021-22,2022,Mathematics,,SAMPLE_QUESTION_PAPER,,NOT_FOUND,,,,,,,,,OFFICIAL_LINK_AND_METADATA_ONLY,2026-10-02T13:07:33Z
MPBSE-C10-2022-SCI,MPBSE,10,2021-22,2022,Science,,SAMPLE_QUESTION_PAPER,,NOT_FOUND,,,,,,,,,OFFICIAL_LINK_AND_METADATA_ONLY,2026-10-02T13:07:33Z
MPBSE-C10-2021-MAT,MPBSE,10,2020-21,2021,Mathematics,,SAMPLE_QUESTION_PAPER,,NOT_FOUND,,,,,,,,,OFFICIAL_LINK_AND_METADATA_ONLY,2026-10-02T13:07:33Z
MPBSE-C10-2021-SCI,MPBSE,10,2020-21,2021,Science,,SAMPLE_QUESTION_PAPER,,NOT_FOUND,,,,,,,,,OFFICIAL_LINK_AND_METADATA_ONLY,2026-10-02T13:07:33Z
MPBSE-C10-2020-MAT,MPBSE,10,2019-20,2020,Mathematics,,SAMPLE_QUESTION_PAPER,,NOT_FOUND,,,,,,,,,OFFICIAL_LINK_AND_METADATA_ONLY,2026-10-02T13:07:33Z
MPBSE-C10-2020-SCI,MPBSE,10,2019-20,2020,Science,,SAMPLE_QUESTION_PAPER,,NOT_FOUND,,,,,,,,,OFFICIAL_LINK_AND_METADATA_ONLY,2026-10-02T13:07:33Z
MPBSE-C10-2019-MAT,MPBSE,10,2018-19,2019,Mathematics,,SAMPLE_QUESTION_PAPER,,NOT_FOUND,,,,,,,,,OFFICIAL_LINK_AND_METADATA_ONLY,2026-10-02T13:07:33Z
MPBSE-C10-2019-SCI,MPBSE,10,2018-19,2019,Science,,SAMPLE_QUESTION_PAPER,,NOT_FOUND,,,,,,,,,OFFICIAL_LINK_AND_METADATA_ONLY,2026-10-02T13:07:33Z
MPBSE-C10-2018-MAT,MPBSE,10,2017-18,2018,Mathematics,,SAMPLE_QUESTION_PAPER,,NOT_FOUND,,,,,,,,,OFFICIAL_LINK_AND_METADATA_ONLY,2026-10-02T13:07:33Z
MPBSE-C10-2018-SCI,MPBSE,10,2017-18,2018,Science,,SAMPLE_QUESTION_PAPER,,NOT_FOUND,,,,,,,,,OFFICIAL_LINK_AND_METADATA_ONLY,2026-10-02T13:07:33Z
MPBSE-C10-2017-MAT,MPBSE,10,2016-17,2017,Mathematics,,SAMPLE_QUESTION_PAPER,,NOT_FOUND,,,,,,,,,OFFICIAL_LINK_AND_METADATA_ONLY,2026-10-02T13:07:33Z
MPBSE-C10-2017-SCI,MPBSE,10,2016-17,2017,Science,,SAMPLE_QUESTION_PAPER,,NOT_FOUND,,,,,,,,,OFFICIAL_LINK_AND_METADATA_ONLY,2026-10-02T13:07:33Z
