claim,source_file,page,verification_status
MPBSE Class 10 Maths 2026-27: 14 chapters listed (Real Numbers … Probability),MPBSE_Syllabus_2026_27.pdf,30,VERIFIED (visual read of scan)
MPBSE: गणित Basic and Standard have the same syllabus; only question-paper difficulty differs,MPBSE_Syllabus_2026_27.pdf,30,VERIFIED (note at foot of page); repeated MarksScheme p31
MPBSE Class 10 Science 2026-27: 13 chapters listed; no topic-level detail given,MPBSE_Syllabus_2026_27.pdf,31,VERIFIED
"MPBSE Class 10 Maths 2026-27: full marks 75, time 3:00 hours",MPBSE_MarksScheme_2026_27.pdf,31,VERIFIED
"MPBSE Class 10 Maths chapter-wise marks: 6,5,7,5,5,5,5,5,5,5,5,6,5,6 = 75",MPBSE_MarksScheme_2026_27.pdf,31,VERIFIED (sum checked)
"MPBSE Class 10 question pattern: Q1-5 = 30 objective items @1 mark (6 each of MCQ, fill-blank, true/false, match, one-sentence); Q6-17 = 12 × 2 marks; Q18-20 = 3 × 3; Q21-23 = 3 × 4",MPBSE_MarksScheme_2026_27.pdf,31,VERIFIED (30+24+9+12=75)
"MPBSE Class 10 Science 2026-27: full marks 75, time 3:00 hours; chapter-wise marks 7,6,5,6,8,6,6,4,8,5,5,6,3 = 75; same question pattern",MPBSE_MarksScheme_2026_27.pdf,32,VERIFIED (sum checked)
"MPBSE Science sample paper (HS Exam 2026): 23 questions, 75 marks, 3 hrs, Hindi & English versions",MPBSE_ModelPaper_2025_26_Class10_Science.pdf,1,VERIFIED (text layer)
"MPBSE Maths Standard sample paper (HS Exam 2026): 23 questions, 75 marks, 3 hrs",MPBSE_ModelPaper_2025_26_Class10_Maths_Standard.pdf,1,VERIFIED (text layer)
"CBSE Class X Maths 2026-27: theory 80 marks, 3 hours; unit weights Number Systems 6, Algebra 20, Coordinate Geometry 6, Geometry 15, Trigonometry 12, Mensuration 10, Statistics & Probability 11",CBSE_Curriculum_2026_27_ClassX_Mathematics.pdf,2 (course structure table),VERIFIED (text layer; sum 80)
"CBSE Class X Maths QP design: Remembering+Understanding 43 (54%), Applying 19 (24%), Analysing/Evaluating/Creating 18 (22%); Internal assessment 20 (10+5+5)",CBSE_Curriculum_2026_27_ClassX_Mathematics.pdf,8-9,VERIFIED (text layer)
"CBSE Class X Science 2026-27: theory 80, 3 hrs; units I 25, II 25, III 12, IV 13, V 5; internal 20; grand total 100",CBSE_Curriculum_2026_27_Secondary_Science.pdf,course structure page (text lines 141-150),VERIFIED
"CBSE Science: Periodic Classification, Evolution, Motor/EM induction/Generator are formative-only, not in year-end exam",CBSE_Curriculum_2026_27_Secondary_Science.pdf,unit pages + Note for Teachers,VERIFIED
"CBSE Science competency split: Knowledge/Understanding 50%, Application 30%, Formulate/Analyze/Evaluate/Create 20%; ~33% internal choice",CBSE_Curriculum_2026_27_Secondary_Science.pdf,QP design page,VERIFIED
NCERT Class 10 Maths & Science textbooks: Reprint 2026-27; © NCERT; ALL RIGHTS RESERVED; no reproduction without prior permission,NCERT_Class10_*_Prelims_*.pdf,copyright page (prelims),VERIFIED
MPBSE prescribes NCERT textbooks for Class 10 Maths/Science,—,—,"NOT VERIFIED — no statement found in downloaded MPBSE pages; chapter titles match NCERT chapter titles but that is inference, not evidence"
MPBSE or CBSE grant any licence to reuse syllabus/papers,—,—,NOT VERIFIED — no licence or terms page found on mpbse.nic.in or cbseacademic.nic.in homepages
