subject,mpbse_chapter_2026_27 (Syllabus p30/p31),cbse_unit_topic_2026_27,mpbse_marks (MarksScheme p31/p32),cbse_marks,match_level,note
Mathematics,1 वास्तविक संख्याएँ,Unit I Number Systems / Real Numbers,6,6,CHAPTER_TITLE_MATCH,"MPBSE lists topics (FTA, irrationality); CBSE lists competencies; no outcome statement on MPBSE side"
Mathematics,2 बहुपद,Unit II Algebra / Polynomials,5,20 (unit),CHAPTER_TITLE_MATCH,
Mathematics,3 दो चर वाले रैखिक समीकरण युग्म,Unit II Algebra / Pair of Linear Equations,7,20 (unit),CHAPTER_TITLE_MATCH,
Mathematics,4 द्विघात समीकरण,Unit II Algebra / Quadratic Equations,5,20 (unit),CHAPTER_TITLE_MATCH,
Mathematics,5 समांतर श्रेढ़ियाँ,Unit II Algebra / Arithmetic Progressions,5,20 (unit),CHAPTER_TITLE_MATCH,
Mathematics,6 त्रिभुज,Unit IV Geometry / Triangles,5,15 (unit),CHAPTER_TITLE_MATCH,
Mathematics,7 निर्देशांक ज्यामिति,Unit III Coordinate Geometry,5,6,CHAPTER_TITLE_MATCH,
Mathematics,8 त्रिकोणमिति का परिचय,Unit V Trigonometry / Intro,5,12 (unit),CHAPTER_TITLE_MATCH,
Mathematics,9 त्रिकोणमिति के कुछ अनुप्रयोग,Unit V Trigonometry / Heights & Distances,5,12 (unit),CHAPTER_TITLE_MATCH,
Mathematics,10 वृत्त,Unit IV Geometry / Circles,5,15 (unit),CHAPTER_TITLE_MATCH,
Mathematics,11 वृत्तों से संबंधित क्षेत्रफल,Unit VI Mensuration / Areas related to circles,5,10 (unit),CHAPTER_TITLE_MATCH,
Mathematics,12 पृष्ठीय क्षेत्रफल और आयतन,Unit VI Mensuration / Surface areas & volumes,6,10 (unit),CHAPTER_TITLE_MATCH,
Mathematics,13 सांख्यिकी,Unit VII Statistics,5,11 (unit),CHAPTER_TITLE_MATCH,
Mathematics,14 प्रायिकता,Unit VII Probability,6,11 (unit),CHAPTER_TITLE_MATCH,
Science,1 रासायनिक अभिक्रियाएं एवं समीकरण,Unit I / Chemical Reactions and Equations,7,25 (unit),CHAPTER_TITLE_MATCH,MPBSE gives title only
Science,2 अम्ल क्षार एवं लवण,"Unit I / Acids, Bases and Salts",6,25 (unit),CHAPTER_TITLE_MATCH,
Science,3 धातु एवं अधातु,Unit I / Metals and Non-metals,5,25 (unit),CHAPTER_TITLE_MATCH,
Science,4 कार्बन एवं उसके यौगिक,Unit I / Carbon and its Compounds,6,25 (unit),CHAPTER_TITLE_MATCH,
Science,5 जैव प्रक्रम,Unit II / Life processes,8,25 (unit),CHAPTER_TITLE_MATCH,
Science,6 नियंत्रण एवं समन्वय,Unit II / Control and co-ordination,6,25 (unit),CHAPTER_TITLE_MATCH,
Science,7 जीव जनन कैसे करते हैं?,Unit II / Reproduction,6,25 (unit),CHAPTER_TITLE_MATCH,
Science,8 अनुवांशिकता,Unit II / Heredity,4,25 (unit),CHAPTER_TITLE_MATCH,CBSE: Evolution formative-only; MPBSE title 'अनुवांशिकता' (Heredity) only
Science,9 प्रकाश परावर्तन एवं अपवर्तन,Unit III / Reflection & Refraction,8,12 (unit),CHAPTER_TITLE_MATCH,
Science,10 मानव नेत्र एवं रंग बिरंगा संसार,Unit III / Human eye & colourful world,5,12 (unit),CHAPTER_TITLE_MATCH,
Science,11 विद्युत,Unit IV / Electricity,5,13 (unit),CHAPTER_TITLE_MATCH,
Science,12 विद्युत धारा के चुंबकीय प्रभाव,Unit IV / Magnetic effects of current,6,13 (unit),CHAPTER_TITLE_MATCH,CBSE: Motor/EM induction/Generator formative-only; MPBSE scope unstated
Science,13 हमारा पर्यावरण,Unit V / Our environment,3,5,CHAPTER_TITLE_MATCH,
Science,— (no MPBSE chapter),Unit I / Periodic Classification (CBSE formative-only),0,—,CBSE_ONLY_FORMATIVE,Absent from MPBSE 2026-27 list
