file,document_url,link_page,http_status,mime,bytes,retrieved_utc,sha256,publication_year_stated,year_evidence,class_,subject,language,doc_type,verification_status,notes
CBSE_Curriculum_2026_27_ClassX_Mathematics.pdf,https://cbseacademic.nic.in/web_material/CurriculumMain27/SecPart1/Maths_SecP1X_2026-27.pdf,https://cbseacademic.nic.in/curriculum_2027.html,200,application/pdf,270782,2026-10-01T17:20:37Z,d773e7c12b99e0bd498067e2b8268c76d0496bf9cad1c9e41c8652ab68b412a5,2026-27,"p1: ""Class – X (2026-27)""",10,Mathematics (041 Standard & 241 Basic),English,Curriculum/Syllabus + Question Paper Design,VERIFIED,
CBSE_Curriculum_2026_27_SecPart1_Intro.pdf,https://cbseacademic.nic.in/web_material/CurriculumMain27/SecPart1/Curriculum_SecP1_2026-27.pdf,https://cbseacademic.nic.in/curriculum_2027.html,200,application/pdf,22529690,2026-10-01T17:20:43Z,02ae5047722b6e22c88aead60385bb0c608b973bbaf193ace18b48bd316f40f0,2026-27,Link text; interior image PDF not page-verified,9-10,Scheme of Studies,English,Curriculum introduction,DOWNLOADED_NOT_PAGE_VERIFIED,No claims drawn
CBSE_Curriculum_2026_27_Secondary_Science.pdf,https://cbseacademic.nic.in/web_material/CurriculumMain27/SecPart1/Science_SecP1_2026-27.pdf,https://cbseacademic.nic.in/curriculum_2027.html,200,application/pdf,279280,2026-10-01T17:20:40Z,1bec4a9e44452b22c9d422d8cb528b4de30598f56c243461845165771df7bc37,2026-27,"Course structure heading ""CLASS X (2026-27)""",9-10 (Class X section used),Science (086),English,Curriculum/Syllabus + QP design,VERIFIED,
CBSE_MS_2026_27_ClassX_MathsBasic.pdf,https://cbseacademic.nic.in/web_material/SQP/ClassX_2026_27/MathsBasic-MS.pdf,https://cbseacademic.nic.in/SQP_CLASSX_2026-27.html,200,application/pdf,1122083,2026-10-01T17:21:05Z,f46a7b8a3bd1a3b3127b9ee2a57cda5568238a141e908b971684479750d8c8be,2026-27,Link page section,10,Mathematics Basic (241),English,Marking Scheme for SQP,VERIFIED,
CBSE_MS_2026_27_ClassX_MathsStandard.pdf,https://cbseacademic.nic.in/web_material/SQP/ClassX_2026_27/MathsStandard-MS.pdf,https://cbseacademic.nic.in/SQP_CLASSX_2026-27.html,200,application/pdf,2153065,2026-10-01T17:20:51Z,5447c8c31176395b51315aec8bf5f92edd4293811013c9ab260dec74592beb29,2026-27,Link page section,10,Mathematics Standard (041),English,Marking Scheme for SQP,VERIFIED,
CBSE_MS_2026_27_ClassX_Science.pdf,https://cbseacademic.nic.in/web_material/SQP/ClassX_2026_27/Science-MS.pdf,https://cbseacademic.nic.in/SQP_CLASSX_2026-27.html,200,application/pdf,594554,2026-10-01T17:21:11Z,195e5b399354e5334af15e8e42688923272d430876b18e5f1e609e1c6709ce5e,2026-27,Link page section,10,Science (086),English,Marking Scheme for SQP,VERIFIED,
CBSE_SQP_2026_27_ClassX_MathsBasic.pdf,https://cbseacademic.nic.in/web_material/SQP/ClassX_2026_27/MathsBasic-SQP.pdf,https://cbseacademic.nic.in/SQP_CLASSX_2026-27.html,200,application/pdf,1740866,2026-10-01T17:21:28Z,f93dc38bc98654d2c5e65f0d77a186f1c1fade722c467348d983ec40a85f183d,2026-27,Link page section,10,Mathematics Basic (241),English,Sample Question Paper,VERIFIED,First attempt connection reset; second attempt 200
CBSE_SQP_2026_27_ClassX_MathsStandard.pdf,https://cbseacademic.nic.in/web_material/SQP/ClassX_2026_27/MathsStandard-SQP.pdf,https://cbseacademic.nic.in/SQP_CLASSX_2026-27.html,200,application/pdf,3014269,2026-10-01T17:20:48Z,9dec9cd2850c410b73b08c77d341f3e8b0ec4e533d852c0a25b4dadd49a262be,2026-27,"Link page section ""SQP 2026-2027 / Class X""; interior header per text layer",10,Mathematics Standard (041),English,Sample Question Paper,VERIFIED,
CBSE_SQP_2026_27_ClassX_Science.pdf,https://cbseacademic.nic.in/web_material/SQP/ClassX_2026_27/Science-SQP.pdf,https://cbseacademic.nic.in/SQP_CLASSX_2026-27.html,200,application/pdf,878483,2026-10-01T17:21:08Z,09bf85a26357d9b3c44976e722a4532c383a99ccbd97e8fc9a0fb06c8ac64eff,2026-27,Link page section,10,Science (086),English,Sample Question Paper,VERIFIED,
MPBSE_Bse_53_54_Maths_Basic_Standard.pdf,https://mpbse.nic.in/Bse_53_54_Maths(Basic&%20Standard).pdf,https://mpbse.nic.in/academics.html,200,application/pdf,2037312,2026-10-01T17:19:10Z,b0e1cb5bef7adeb1eeddd5bc2c0cfb21a994c4c306956fad8a2eadc1c992d9cf,2026,Scanned circular; OCR shows dated 2026 and Mathematics Basic/Standard switching rule for second exam,10,Mathematics,Hindi (scanned),Circular (Basic/Standard second-exam rule),DOWNLOADED_NOT_PAGE_VERIFIED,OCR too poor to extract exact rule text; no claim drawn
MPBSE_MarkingScheme_2025_26.pdf,https://mpbse.nic.in/MARKING%20SCHEME_2025_26.pdf,https://mpbse.nic.in/academics.html,200,application/pdf,13005319,2026-10-01T17:19:05Z,2ebe6b8a588378ce2501ca8d5619518545babfe9c396276a573da55c68546458,2025-26,Filename/link text only; interior not page-verified in this run,9-12,All subjects,Hindi (scanned),Marking scheme (prior session),DOWNLOADED_NOT_PAGE_VERIFIED,No claims drawn
MPBSE_MarksScheme_2026_27.pdf,https://mpbse.nic.in/MarksScheme_2026_27.pdf,https://mpbse.nic.in/academics.html,200,application/pdf,14428664,2026-10-01T17:18:54Z,65f1cb4c2210cd0e0f1ef4c63f977400d60e80f3420e76da574c3e9a57647319,2026-27,"Header ""हाईस्कूल परीक्षा सत्र 2026-27 अंक योजना""; footer ""MPBSE\Class 10\Marking Scheme\2026-27"" (PDF p31)",10 (9-12 compendium),Mathematics p31; Science p32,Hindi (scanned image PDF),Blueprint / Marking scheme (chapter-wise marks + question pattern),VERIFIED,
MPBSE_ModelPaper_2025_26_Class10_Maths_Basic.pdf,https://mpbse.nic.in/ModelPaper/2025-26/10th%20Maths%20(basic).PDF,https://mpbse.nic.in/ModelPaper.HTML,200,application/pdf,786378,2026-10-01T17:19:30Z,75e28def48af283713e212baafe718df84203de8886dbc8d0c080022f695908f,2026 / 2025-26,p1 header (same series),10,Mathematics (Basic),Hindi + English,Model/Sample question paper,VERIFIED,
MPBSE_ModelPaper_2025_26_Class10_Maths_Standard.pdf,https://mpbse.nic.in/ModelPaper/2025-26/10th%20Maths%20(standard).PDF,https://mpbse.nic.in/ModelPaper.HTML,200,application/pdf,912234,2026-10-01T17:19:34Z,6f8ff0128976ed3191dd55cefc208bd74596bb0597ff9b30ea16a4aba682916a,2026 / 2025-26,"p1: ""High School Examination - 2026""",10,Mathematics (Standard),Hindi + English,Model/Sample question paper,VERIFIED,
MPBSE_ModelPaper_2025_26_Class10_Science.pdf,https://mpbse.nic.in/ModelPaper/2025-26/10th%20Science.PDF,https://mpbse.nic.in/ModelPaper.HTML,200,application/pdf,743761,2026-10-01T17:19:27Z,a78fd716f83259484bb4b38aee8cc009eb4d26ada19eb580ceb1ac4e514ee47c,2026 (exam year) / session 2025-26,"p1: ""High School Examination - 2026""",10,Science,Hindi + English,Model/Sample question paper,VERIFIED,
MPBSE_Notice_SamplePaper_2025_26.pdf,https://mpbse.nic.in/notice%20sample%20paper%202025-26.pdf,https://mpbse.nic.in/ModelPaper.HTML,200,application/pdf,240757,2026-10-01T17:19:37Z,5bfab2fdc64c6dba00dd999a2cf2504996b066ce13da9b8234f5d87fcdb39d03,"2025 (letter dated 17/11/2025 per OCR, low confidence)",Scanned letter; OCR unreliable,10/12,All,Hindi (scanned),Notice re sample papers,DOWNLOADED_NOT_PAGE_VERIFIED,Content not relied on
MPBSE_Syllabus_2025_26.pdf,https://mpbse.nic.in/SYLLABUS_2025-26.pdf,https://mpbse.nic.in/academics.html,200,application/pdf,11790769,2026-10-01T17:18:59Z,727976e0715e0ee3f8591fffe906f3f4a3d8d0f3b6b0885156626313e230bac7,2025-26,Filename/link text only; interior not page-verified in this run,9-12,All subjects,Hindi (scanned),Syllabus (prior session),DOWNLOADED_NOT_PAGE_VERIFIED,Retained for continuity; no claims drawn
MPBSE_Syllabus_2026_27.pdf,https://mpbse.nic.in/Syllabus_2026_27.pdf,https://mpbse.nic.in/academics.html,200,application/pdf,10672369,2026-10-01T17:18:49Z,651a9c2cd8dd5f943e3d3e90c23672a0c8d69b24420c1603ee00fbf03c99a745,2026-27,"Header on every page: ""हाईस्कूल परीक्षा सत्र 2026-27""; footer ""MPBSE\Class 10\Syllabus\2026-27"" (PDF p30)",10 (9-12 compendium),Mathematics (Basic/Standard) p30; Science p31,"Hindi (scanned image PDF, no text layer)",Syllabus,VERIFIED,
NCERT_Class10_Mathematics_Prelims_jemh1ps.pdf,https://ncert.nic.in/textbook/pdf/jemh1ps.pdf,https://ncert.nic.in/textbook.php?jemh1=0-14,200,application/pdf,1969484,2026-10-01T17:22:07Z,62867d1b27b42e110948ee1301446a15e89ed386e04bb5b29dc6e301fa679f94,Reprint 2026-27,"Prelims text: ""Reprint 2026-27"", ISBN 81-7450-634-9, ""ALL RIGHTS RESERVED"", ""© National Council of Educational Research and Training""",10,Mathematics (textbook prelims),English,Textbook front matter (copyright page),VERIFIED,
NCERT_Class10_Science_Prelims_jesc1ps.pdf,https://ncert.nic.in/textbook/pdf/jesc1ps.pdf,https://ncert.nic.in/textbook.php?jesc1=0-13,200,application/pdf,3429027,2026-10-01T17:22:10Z,cf2a2afb28bd01b4518dbd7e9517b8a9b4a85c989bf3a047cd96d1a8408fdcb0,Reprint 2026-27,"Prelims text: ""Reprint 2026-27"", ""ALL RIGHTS RESERVED"", ""© National Council of Educational Research and Training""",10,Science (textbook prelims),English,Textbook front matter (copyright page),VERIFIED,
