url,final_url,http_status,mime,bytes,retrieved_utc,saved_as
"https://mpbse.nic.in/Syllabus_2026_27.pdf",https://mpbse.nic.in/Syllabus_2026_27.pdf,200,application/pdf,10672369,2026-10-01T17:18:49Z,MPBSE_Syllabus_2026_27.pdf
"https://mpbse.nic.in/MarksScheme_2026_27.pdf",https://mpbse.nic.in/MarksScheme_2026_27.pdf,200,application/pdf,14428664,2026-10-01T17:18:54Z,MPBSE_MarksScheme_2026_27.pdf
"https://mpbse.nic.in/SYLLABUS_2025-26.pdf",https://mpbse.nic.in/SYLLABUS_2025-26.pdf,200,application/pdf,11790769,2026-10-01T17:18:59Z,MPBSE_Syllabus_2025_26.pdf
"https://mpbse.nic.in/MARKING%20SCHEME_2025_26.pdf",https://mpbse.nic.in/MARKING%20SCHEME_2025_26.pdf,200,application/pdf,13005319,2026-10-01T17:19:05Z,MPBSE_MarkingScheme_2025_26.pdf
"https://mpbse.nic.in/Bse_53_54_Maths(Basic&%20Standard).pdf",https://mpbse.nic.in/Bse_53_54_Maths(Basic&%20Standard).pdf,200,application/pdf,2037312,2026-10-01T17:19:10Z,MPBSE_Bse_53_54_Maths_Basic_Standard.pdf
"https://mpbse.nic.in/ModelPaper/2025-26/10th%20Science.PDF",https://mpbse.nic.in/ModelPaper/2025-26/10th%20Science.PDF,200,application/pdf,743761,2026-10-01T17:19:27Z,MPBSE_ModelPaper_2025_26_Class10_Science.pdf
"https://mpbse.nic.in/ModelPaper/2025-26/10th%20Maths%20(basic).PDF",https://mpbse.nic.in/ModelPaper/2025-26/10th%20Maths%20(basic).PDF,200,application/pdf,786378,2026-10-01T17:19:30Z,MPBSE_ModelPaper_2025_26_Class10_Maths_Basic.pdf
"https://mpbse.nic.in/ModelPaper/2025-26/10th%20Maths%20(standard).PDF",https://mpbse.nic.in/ModelPaper/2025-26/10th%20Maths%20(standard).PDF,200,application/pdf,912234,2026-10-01T17:19:34Z,MPBSE_ModelPaper_2025_26_Class10_Maths_Standard.pdf
"https://mpbse.nic.in/notice%20sample%20paper%202025-26.pdf",https://mpbse.nic.in/notice%20sample%20paper%202025-26.pdf,200,application/pdf,240757,2026-10-01T17:19:37Z,MPBSE_Notice_SamplePaper_2025_26.pdf
"https://cbseacademic.nic.in/web_material/CurriculumMain27/SecPart1/Maths_SecP1X_2026-27.pdf",https://cbseacademic.nic.in/web_material/CurriculumMain27/SecPart1/Maths_SecP1X_2026-27.pdf,200,application/pdf,270782,2026-10-01T17:20:37Z,CBSE_Curriculum_2026_27_ClassX_Mathematics.pdf
"https://cbseacademic.nic.in/web_material/CurriculumMain27/SecPart1/Science_SecP1_2026-27.pdf",https://cbseacademic.nic.in/web_material/CurriculumMain27/SecPart1/Science_SecP1_2026-27.pdf,200,application/pdf,279280,2026-10-01T17:20:40Z,CBSE_Curriculum_2026_27_Secondary_Science.pdf
"https://cbseacademic.nic.in/web_material/CurriculumMain27/SecPart1/Curriculum_SecP1_2026-27.pdf",https://cbseacademic.nic.in/web_material/CurriculumMain27/SecPart1/Curriculum_SecP1_2026-27.pdf,200,application/pdf,22529690,2026-10-01T17:20:43Z,CBSE_Curriculum_2026_27_SecPart1_Intro.pdf
"https://cbseacademic.nic.in/web_material/SQP/ClassX_2026_27/MathsStandard-SQP.pdf",https://cbseacademic.nic.in/web_material/SQP/ClassX_2026_27/MathsStandard-SQP.pdf,200,application/pdf,3014269,2026-10-01T17:20:48Z,CBSE_SQP_2026_27_ClassX_MathsStandard.pdf
"https://cbseacademic.nic.in/web_material/SQP/ClassX_2026_27/MathsStandard-MS.pdf",https://cbseacademic.nic.in/web_material/SQP/ClassX_2026_27/MathsStandard-MS.pdf,200,application/pdf,2153065,2026-10-01T17:20:51Z,CBSE_MS_2026_27_ClassX_MathsStandard.pdf
"https://cbseacademic.nic.in/web_material/SQP/ClassX_2026_27/MathsBasic-SQP.pdf",https://cbseacademic.nic.in/web_material/SQP/ClassX_2026_27/MathsBasic-SQP.pdf,000,,0,2026-10-01T17:20:54Z,CBSE_SQP_2026_27_ClassX_MathsBasic.pdf
"https://cbseacademic.nic.in/web_material/SQP/ClassX_2026_27/MathsBasic-MS.pdf",https://cbseacademic.nic.in/web_material/SQP/ClassX_2026_27/MathsBasic-MS.pdf,200,application/pdf,1122083,2026-10-01T17:21:05Z,CBSE_MS_2026_27_ClassX_MathsBasic.pdf
"https://cbseacademic.nic.in/web_material/SQP/ClassX_2026_27/Science-SQP.pdf",https://cbseacademic.nic.in/web_material/SQP/ClassX_2026_27/Science-SQP.pdf,200,application/pdf,878483,2026-10-01T17:21:08Z,CBSE_SQP_2026_27_ClassX_Science.pdf
"https://cbseacademic.nic.in/web_material/SQP/ClassX_2026_27/Science-MS.pdf",https://cbseacademic.nic.in/web_material/SQP/ClassX_2026_27/Science-MS.pdf,200,application/pdf,594554,2026-10-01T17:21:11Z,CBSE_MS_2026_27_ClassX_Science.pdf
"https://cbseacademic.nic.in/web_material/SQP/ClassX_2026_27/MathsBasic-SQP.pdf",https://cbseacademic.nic.in/web_material/SQP/ClassX_2026_27/MathsBasic-SQP.pdf,200,application/pdf,1740866,2026-10-01T17:21:28Z,CBSE_SQP_2026_27_ClassX_MathsBasic.pdf
"https://ncert.nic.in/textbook/pdf/jemh1ps.pdf",https://ncert.nic.in/textbook/pdf/jemh1ps.pdf,200,application/pdf,1969484,2026-10-01T17:22:07Z,NCERT_Class10_Mathematics_Prelims_jemh1ps.pdf
"https://ncert.nic.in/textbook/pdf/jesc1ps.pdf",https://ncert.nic.in/textbook/pdf/jesc1ps.pdf,200,application/pdf,3429027,2026-10-01T17:22:10Z,NCERT_Class10_Science_Prelims_jesc1ps.pdf
